MOVIE_ID,MOVIE_TITLE,RELEASE_DATE,ACTUAL_OW,ACTUAL_TIER,PRED_OW,PRED_TIER,P_SMALL,P_MID,P_LARGE,BEAR_OW,BASE_OW,BULL_OW,BREAKOUT_PROB,BREAKOUT_BUCKET,BREAKOUT_FLAG,SUMMARY_TEXT,TIER_HIT,ABS_ERROR,PREDICTION_TYPE,MODEL_VERSION
165,RETRIBUTION,2023-08-25,3518830.0,SMALL,2193199.855904467,SMALL,0.9537290963346534,0.038827556409152864,0.007443323813058354,340626.1852386803,2193199.855904467,4270364.556334517,0.007,none,False,SMALL - expected ~$2M opening.  Bear ~$0M / Base ~$2M / Bull $4M+,True,1325630.144095533,OOF_BACKTEST,V28-A
103,HOUSE PARTY,2023-01-13,3985882.0,SMALL,3055713.018841915,SMALL,0.9611910828150374,0.031388145684742505,0.007420787041665633,807726.4854466552,3055713.018841915,4989373.633319271,0.007,none,False,SMALL - expected ~$3M opening.  Bear ~$1M / Base ~$3M / Bull $5M+,True,930168.9811580852,OOF_BACKTEST,V28-A
7,A REAL PAIN,2024-11-01,228856.0,SMALL,2588993.527340713,SMALL,0.9805598684831034,0.015358617804101384,0.0040815383964814276,443893.19584347424,2588993.527340713,4924937.587380752,0.004,none,False,SMALL - expected ~$3M opening.  Bear ~$0M / Base ~$3M / Bull $5M+,True,2360137.527340713,OOF_BACKTEST,V28-A
412,Am I Racist,2024-09-13,4544063.0,SMALL,7881873.6179511715,SMALL,0.9010983907996784,0.08795160561353252,0.010949994040732706,2775671.3796004867,7881873.6179511715,15807791.46767497,0.011,none,False,SMALL - expected ~$8M opening.  Bear ~$3M / Base ~$8M / Bull $16M+,True,3337810.6179511715,OOF_BACKTEST,V28-A
81,FALL,2022-08-12,2512145.0,SMALL,6204835.133842398,SMALL,0.9442577727454433,0.0418169693539014,0.013925266162050497,2892438.1140633617,6204835.133842398,8666844.672395652,0.014,none,False,SMALL - expected ~$6M opening.  Bear ~$3M / Base ~$6M / Bull $9M+,True,3692690.1338423984,OOF_BACKTEST,V28-A
132,MILLER'S GIRL,2024-01-19,321000.0,SMALL,3742182.1148398975,SMALL,0.9838477548041935,0.011906454143932554,0.0042457992850745705,1965566.099695329,3742182.1148398975,5178057.571228069,0.004,none,False,SMALL - expected ~$4M opening.  Bear ~$2M / Base ~$4M / Bull $5M+,True,3421182.1148398975,OOF_BACKTEST,V28-A
83,FATHER STU,2022-04-13,5402642.0,SMALL,11946270.679978056,SMALL,0.6296463333502078,0.321027995499905,0.049325673012532226,3073757.1376647647,11946270.679978056,22380338.31852254,0.049,none,False,SMALL - expected ~$12M opening.  Bear ~$3M / Base ~$12M / Bull $22M+,True,6543628.679978056,OOF_BACKTEST,V28-A
311,Chainsaw Man The Movie Reze Arc,2025-10-24,18030883.0,MID,13331408.26248404,SMALL,0.7213298072250575,0.23557582010021366,0.04309432494444689,3863347.9954938632,13331408.26248404,26446910.41017733,0.043,none,False,SMALL - expected ~$13M opening.  Bear ~$4M / Base ~$13M / Bull $26M+,False,4699474.73751596,OOF_BACKTEST,V28-A
392,Homestead,2024-12-20,6000241.0,SMALL,6724634.508381444,SMALL,0.9534234642125974,0.03890664697665699,0.007669896486880856,1960063.3872225531,6724634.508381444,12634450.27105525,0.008,none,False,SMALL - expected ~$7M opening.  Bear ~$2M / Base ~$7M / Bull $13M+,True,724393.508381444,OOF_BACKTEST,V28-A
384,The Forge,2024-08-23,6659508.0,SMALL,4819946.094636236,SMALL,0.9445119347179047,0.04634226474188167,0.009145802228235756,1617536.6934604552,4819946.094636236,7674018.996210041,0.009,none,False,SMALL - expected ~$5M opening.  Bear ~$2M / Base ~$5M / Bull $8M+,True,1839561.9053637637,OOF_BACKTEST,V28-A
214,THE OUTFIT,2022-03-18,1499730.0,SMALL,1508514.2760425312,SMALL,0.9666877165180878,0.026950047090894904,0.006362226191943643,167161.08591860803,1508514.2760425312,2712004.167918478,0.006,none,False,SMALL - expected ~$2M opening.  Bear ~$0M / Base ~$2M / Bull $3M+,True,8784.276042531244,OOF_BACKTEST,V28-A
370,Unsung Hero,2024-04-26,7731539.0,SMALL,3995551.034671127,SMALL,0.9716539933057711,0.023477345712760597,0.0048686596395088174,2524598.025309843,3995551.034671127,5132567.524563189,0.005,none,False,SMALL - expected ~$4M opening.  Bear ~$3M / Base ~$4M / Bull $5M+,True,3735987.965328873,OOF_BACKTEST,V28-A
174,SISU,2023-04-28,3330891.0,SMALL,8881499.887217324,SMALL,0.941223990731904,0.05360448586173282,0.0051714936258685585,5869184.954862156,8881499.887217324,12284265.489597823,0.005,none,False,SMALL - expected ~$9M opening.  Bear ~$6M / Base ~$9M / Bull $12M+,True,5550608.887217324,OOF_BACKTEST,V28-A
133,MISSING,2023-01-20,9154695.0,SMALL,7560700.794650426,SMALL,0.9559625297481522,0.03998085313357727,0.004056625958559074,2464954.935299158,7560700.794650426,14666663.228792047,0.004,none,False,SMALL - expected ~$8M opening.  Bear ~$2M / Base ~$8M / Bull $15M+,True,1593994.2053495739,OOF_BACKTEST,V28-A
400,The Last Rodeo,2025-05-23,5426885.0,SMALL,2575718.451918111,SMALL,0.9729310238354248,0.022031415914200964,0.005037573254329533,769842.0322191346,2575718.451918111,4749645.524878589,0.005,none,False,SMALL - expected ~$3M opening.  Bear ~$1M / Base ~$3M / Bull $5M+,True,2851166.548081889,OOF_BACKTEST,V28-A
112,JACKASS FOREVER,2022-02-04,23154123.0,MID,28386245.54242261,MID,0.2825843545531334,0.5896131564368834,0.1278024890099832,7402978.036773154,28386245.54242261,50150059.215022124,0.128,none,False,MID - expected ~$28M opening.  Bear ~$7M / Base ~$28M / Bull $50M+,True,5232122.542422611,OOF_BACKTEST,V28-A
1254,Power Ballad,2026-06-05,177881.0,SMALL,3868849.3394505996,SMALL,0.9465543226302142,0.040269481124649294,0.013176175879731083,881309.2271357187,3868849.3394505996,6298766.221036674,0.013,none,False,SMALL - expected ~$4M opening.  Bear ~$1M / Base ~$4M / Bull $6M+,True,3690968.3394505996,OOF_BACKTEST,V28-A
322,The Monkey,2025-02-21,14014649.0,SMALL,8280424.443558371,SMALL,0.8372771005744156,0.14840094618977118,0.01432196249810727,2839335.357790555,8280424.443558371,16512123.259991508,0.014,none,False,SMALL - expected ~$8M opening.  Bear ~$3M / Base ~$8M / Bull $17M+,True,5734224.556441629,OOF_BACKTEST,V28-A
345,The Best Christmas Pageant Ever,2024-11-08,10773559.0,SMALL,4497925.137584098,SMALL,0.8929901913632088,0.09008688364292264,0.016922938032384607,821717.0997951581,4497925.137584098,10621300.513873514,0.017,none,False,SMALL - expected ~$4M opening.  Bear ~$1M / Base ~$4M / Bull $11M+,True,6275633.862415902,OOF_BACKTEST,V28-A
348,Monkey Man,2024-04-05,10119435.0,SMALL,12811547.89544871,SMALL,0.7454356483660973,0.22942185529631343,0.0251425340561536,3815469.188072682,12811547.89544871,23947245.03112585,0.025,none,False,SMALL - expected ~$13M opening.  Bear ~$4M / Base ~$13M / Bull $24M+,True,2692112.895448711,OOF_BACKTEST,V28-A
420,Nuremberg,2025-11-07,3883294.0,SMALL,5377490.3896371145,SMALL,0.9450075197186011,0.040854040174965064,0.014138425210729591,2631637.656147877,5377490.3896371145,7281487.824333257,0.014,none,False,SMALL - expected ~$5M opening.  Bear ~$3M / Base ~$5M / Bull $7M+,True,1494196.3896371145,OOF_BACKTEST,V28-A
74,ETERNITY,2025-11-26,3175810.0,SMALL,10000557.024909139,SMALL,0.8364190374577771,0.1427528503739255,0.020828113972734843,4183118.582165777,10000557.024909139,22619622.16845175,0.021,none,False,SMALL - expected ~$10M opening.  Bear ~$4M / Base ~$10M / Bull $23M+,True,6824747.024909139,OOF_BACKTEST,V28-A
388,Ordinary Angels,2024-02-23,6163600.0,SMALL,5606518.191745827,SMALL,0.9059603747952402,0.08556433288772973,0.008475315774717454,1887288.0820456669,5606518.191745827,8954695.099004498,0.008,none,False,SMALL - expected ~$6M opening.  Bear ~$2M / Base ~$6M / Bull $9M+,True,557081.808254173,OOF_BACKTEST,V28-A
352,Imaginary,2024-03-08,9912713.0,SMALL,6335005.672529101,SMALL,0.964959501836856,0.03043738331161638,0.004603119609549047,2362420.234415216,6335005.672529101,11936533.09928515,0.005,none,False,SMALL - expected ~$6M opening.  Bear ~$2M / Base ~$6M / Bull $12M+,True,3577707.3274708986,OOF_BACKTEST,V28-A
334,One of Them Days,2025-01-17,11807731.0,SMALL,4299432.093552169,SMALL,0.9422120960105164,0.052643374944183925,0.005144528084873324,1700477.8890104173,4299432.093552169,6724315.703633669,0.005,none,False,SMALL - expected ~$4M opening.  Bear ~$2M / Base ~$4M / Bull $7M+,True,7508298.906447831,OOF_BACKTEST,V28-A
396,Death of a Unicorn,2025-03-28,5787425.0,SMALL,8624420.598402895,SMALL,0.8739617174087146,0.11373020454599153,0.012308097079199005,2734191.648784022,8624420.598402895,17395589.86155151,0.012,none,False,SMALL - expected ~$9M opening.  Bear ~$3M / Base ~$9M / Bull $17M+,True,2836995.598402895,OOF_BACKTEST,V28-A
280,Taylor Swift The Eras Tour,2023-10-13,93224755.0,LARGE+,27577341.706396997,MID,0.2796481449879624,0.4769770815248887,0.2433747883883101,7529919.763246903,27577341.706396997,55979380.3214283,0.243,some,False,MID - expected ~$28M opening.  Some breakout potential (about 1 in 5 chance of clearing $50M).  Bear ~$8M / Base ~$28M / Bull $56M+,False,65647413.293603,OOF_BACKTEST,V28-A
339,Godzilla Minus One,2023-12-01,11419975.0,SMALL,19638333.14070543,MID,0.21097918176470565,0.641884496179191,0.14713635185842583,6078503.508270841,19638333.14070543,41377529.738893904,0.147,none,False,MID - expected ~$20M opening.  Bear ~$6M / Base ~$20M / Bull $41M+,False,8218358.140705429,OOF_BACKTEST,V28-A
47,CHAMPIONS,2023-03-10,5148740.0,SMALL,5690927.311567442,SMALL,0.935685999754722,0.05657168273416504,0.007742320414219948,2471044.665352754,5690927.311567442,8253877.5309691345,0.008,none,False,SMALL - expected ~$6M opening.  Bear ~$2M / Base ~$6M / Bull $8M+,True,542187.3115674416,OOF_BACKTEST,V28-A
198,THE CONTRACTOR,2022-04-01,560678.0,SMALL,3313098.0064661754,SMALL,0.9866104736733273,0.010485414717175866,0.0029040918714154955,963334.4709376049,3313098.0064661754,6126923.196046623,0.003,none,False,SMALL - expected ~$3M opening.  Bear ~$1M / Base ~$3M / Bull $6M+,True,2752420.0064661754,OOF_BACKTEST,V28-A
316,Jesus Revolution,2023-02-24,15882067.0,MID,6405325.452521451,SMALL,0.9344541618451265,0.057371303369008246,0.008174545568834542,3768334.920493628,6405325.452521451,8388485.661711177,0.008,none,False,SMALL - expected ~$6M opening.  Bear ~$4M / Base ~$6M / Bull $8M+,False,9476741.54747855,OOF_BACKTEST,V28-A
408,The Iron Claw,2023-12-22,4868370.0,SMALL,14822797.365988106,SMALL,0.4768646224286701,0.4698888768054259,0.053246534759178,4221355.78364118,14822797.365988106,21932374.078581218,0.053,none,False,SMALL - expected ~$15M opening.  Bear ~$4M / Base ~$15M / Bull $22M+,True,9954427.365988106,OOF_BACKTEST,V28-A
130,MEAN GIRLS,2024-01-12,28635307.0,MID,15063880.77652504,MID,0.6213786144477528,0.3081152705596956,0.070506107192725,5379258.934991868,15063880.77652504,26372841.435966223,0.071,none,False,MID - expected ~$15M opening.  Bear ~$5M / Base ~$15M / Bull $26M+,True,13571426.22347496,OOF_BACKTEST,V28-A
166,ROOFMAN,2025-10-10,8108861.0,SMALL,10497186.902275588,SMALL,0.7821374652526125,0.19990711473252415,0.017955387069327314,3426277.0876224013,10497186.902275588,20540685.989652835,0.018,none,False,SMALL - expected ~$10M opening.  Bear ~$3M / Base ~$10M / Bull $21M+,True,2388325.9022755884,OOF_BACKTEST,V28-A
364,Heart Eyes,2025-02-07,8305156.0,SMALL,6357517.39446309,SMALL,0.9776480448394338,0.019491901861368927,0.002860035012896861,2679038.4156089467,6357517.39446309,11085743.616716722,0.003,none,False,SMALL - expected ~$6M opening.  Bear ~$3M / Base ~$6M / Bull $11M+,True,1947638.6055369098,OOF_BACKTEST,V28-A
359,Novocaine,2025-03-14,8809436.0,SMALL,7823033.20111841,SMALL,0.9683834510253336,0.027044543266727367,0.004571966017590224,2712244.719835791,7823033.20111841,14658301.686487911,0.005,none,False,SMALL - expected ~$8M opening.  Bear ~$3M / Base ~$8M / Bull $15M+,True,986402.7988815904,OOF_BACKTEST,V28-A
395,Love Hurts,2025-02-07,5800440.0,SMALL,7315130.85181601,SMALL,0.8931678609525704,0.09615188913736691,0.010680261435179493,2708585.774459615,7315130.85181601,13179870.431046963,0.011,none,False,SMALL - expected ~$7M opening.  Bear ~$3M / Base ~$7M / Bull $13M+,True,1514690.8518160097,OOF_BACKTEST,V28-A
372,Arthur the King,2024-03-15,7633898.0,SMALL,13037293.431893736,SMALL,0.4806594693058315,0.4718742207231208,0.04746633418543471,2881360.567217906,13037293.431893736,25595493.772714503,0.047,none,False,SMALL - expected ~$13M opening.  Bear ~$3M / Base ~$13M / Bull $26M+,True,5403395.431893736,OOF_BACKTEST,V28-A
1237,I Love Boosters,2026-05-22,3783187.0,SMALL,2523874.822709935,SMALL,0.9450083897136191,0.044952956276517575,0.010038680552556703,226809.36354337513,2523874.822709935,6178620.703875856,0.01,none,False,SMALL - expected ~$3M opening.  Bear ~$0M / Base ~$3M / Bull $6M+,True,1259312.1772900652,OOF_BACKTEST,V28-A
324,Violent Night,2022-12-02,13450240.0,SMALL,12277716.906208146,SMALL,0.7395191383944315,0.23040199665455904,0.030078872692628388,4901512.853478345,12277716.906208146,23917445.093325716,0.03,none,False,SMALL - expected ~$12M opening.  Bear ~$5M / Base ~$12M / Bull $24M+,True,1172523.0937918536,OOF_BACKTEST,V28-A
393,Joy Ride,2023-07-07,5806277.0,SMALL,7883793.645712629,SMALL,0.9563087182601713,0.04033938186990001,0.0033519150366622752,3172044.2177787945,7883793.645712629,13865463.631534906,0.003,none,False,SMALL - expected ~$8M opening.  Bear ~$3M / Base ~$8M / Bull $14M+,True,2077516.645712629,OOF_BACKTEST,V28-A
63,DOG,2022-02-18,14883928.0,SMALL,12877510.329330768,SMALL,0.6369918803242065,0.33575681957542236,0.02725130382566145,3789894.0673063053,12877510.329330768,21965139.0915082,0.027,none,False,SMALL - expected ~$13M opening.  Bear ~$4M / Base ~$13M / Bull $22M+,True,2006417.6706692316,OOF_BACKTEST,V28-A
26,BABYGIRL,2024-12-25,4490145.0,SMALL,9599548.422996776,SMALL,0.8735229138445777,0.11432935884758237,0.01214769558830276,2783966.5876325765,9599548.422996776,18650600.97098266,0.012,none,False,SMALL - expected ~$10M opening.  Bear ~$3M / Base ~$10M / Bull $19M+,True,5109403.422996776,OOF_BACKTEST,V28-A
281,Demon Slayer The Movie Infinity Castle,2025-09-12,70611098.0,LARGE+,40901413.513266355,MID,0.06868234737913469,0.6025167164382754,0.32880094735846077,13076019.590548951,40901413.513266355,91965637.68110625,0.329,real,True,MID - expected ~$41M opening.  BREAKOUT WATCH: about 1 in 3 chance of opening above $50M (LARGE+) - consider leaning into spend.  Bear ~$13M / Base ~$41M / Bull $92M+,False,29709684.486733645,OOF_BACKTEST,V28-A
406,The Machine,2023-05-26,5000545.0,SMALL,6667183.199530732,SMALL,0.9511420139487221,0.04322848808796155,0.005629493954263697,2581187.5237449557,6667183.199530732,13071153.367705086,0.006,none,False,SMALL - expected ~$7M opening.  Bear ~$3M / Base ~$7M / Bull $13M+,True,1666638.199530732,OOF_BACKTEST,V28-A
121,KNOCK AT THE CABIN,2023-02-03,14127170.0,SMALL,12732737.464796541,SMALL,0.6492302408847459,0.325223130986972,0.025546621550816384,3755652.0128608434,12732737.464796541,23122582.487577334,0.026,none,False,SMALL - expected ~$13M opening.  Bear ~$4M / Base ~$13M / Bull $23M+,True,1394432.5352034587,OOF_BACKTEST,V28-A
363,Warfare,2025-04-11,8317989.0,SMALL,10048823.374460641,SMALL,0.911103515194228,0.07853648457558371,0.01036002803162226,6260565.963721928,10048823.374460641,14552745.25380118,0.01,none,False,SMALL - expected ~$10M opening.  Bear ~$6M / Base ~$10M / Bull $15M+,True,1730834.3744606413,OOF_BACKTEST,V28-A
383,Book Club The Next Chapter,2023-05-12,6677580.0,SMALL,3943325.2381805973,SMALL,0.9811519383197865,0.014208177440623465,0.004639886416920349,1769254.1678747516,3943325.2381805973,5514834.840138346,0.005,none,False,SMALL - expected ~$4M opening.  Bear ~$2M / Base ~$4M / Bull $6M+,True,2734254.7618194027,OOF_BACKTEST,V28-A
351,My Big Fat Greek Wedding 3,2023-09-08,10028675.0,SMALL,10141677.892745614,SMALL,0.6666478458440628,0.3135436585090231,0.019808522189607464,3559181.675155631,10141677.892745614,20314023.7481044,0.02,none,False,SMALL - expected ~$10M opening.  Bear ~$4M / Base ~$10M / Bull $20M+,True,113002.89274561405,OOF_BACKTEST,V28-A
336,The Long Walk,2025-09-12,11703621.0,SMALL,13789504.488587175,SMALL,0.5587439217344128,0.403030725912128,0.038225357708564,3823089.3744412498,13789504.488587175,24513605.40399089,0.038,none,False,SMALL - expected ~$14M opening.  Bear ~$4M / Base ~$14M / Bull $25M+,True,2085883.4885871746,OOF_BACKTEST,V28-A
375,Blink Twice,2024-08-23,7301894.0,SMALL,7867038.142465271,SMALL,0.9390693254085658,0.05492867207528788,0.006002017438225917,2944230.4819319886,7867038.142465271,14423394.510783589,0.006,none,False,SMALL - expected ~$8M opening.  Bear ~$3M / Base ~$8M / Bull $14M+,True,565144.142465271,OOF_BACKTEST,V28-A
128,MATERIALISTS,2025-06-13,11338642.0,SMALL,12819458.727557827,SMALL,0.5713869174138921,0.3881442884593531,0.04046881740981917,3786238.992101157,12819458.727557827,24132775.810498666,0.04,none,False,SMALL - expected ~$13M opening.  Bear ~$4M / Base ~$13M / Bull $24M+,True,1480816.7275578268,OOF_BACKTEST,V28-A
385,Conclave,2024-10-25,6601995.0,SMALL,16121406.611784965,MID,0.503483598036697,0.43770738233170126,0.05880904151768237,3316975.5276434445,16121406.611784965,29964999.10632732,0.059,none,False,MID - expected ~$16M opening.  Bear ~$3M / Base ~$16M / Bull $30M+,False,9519411.611784965,OOF_BACKTEST,V28-A
265,PRIMATE,2026-01-09,11155908.0,SMALL,8423657.67134176,SMALL,0.826405599376183,0.13794314839990673,0.03565125315523286,1597031.60329067,8423657.67134176,19324646.80428644,0.036,none,False,SMALL - expected ~$8M opening.  Bear ~$2M / Base ~$8M / Bull $19M+,True,2732250.32865824,OOF_BACKTEST,V28-A
127,MARRY ME,2022-02-11,7949980.0,SMALL,19214100.29076395,MID,0.5207104355908289,0.39931140297729284,0.07997817540171692,4377856.508576848,19214100.29076395,35841845.53982531,0.08,none,False,MID - expected ~$19M opening.  Bear ~$4M / Base ~$19M / Bull $36M+,False,11264120.290763952,OOF_BACKTEST,V28-A
368,Last Breath,2025-02-28,7851190.0,SMALL,6436209.510784164,SMALL,0.9476240892390524,0.045327476997941284,0.007048448631425693,3427744.3365175896,6436209.510784164,9375982.563973116,0.007,none,False,SMALL - expected ~$6M opening.  Bear ~$3M / Base ~$6M / Bull $9M+,True,1414980.489215836,OOF_BACKTEST,V28-A
314,Where the Crawdads Sing,2022-07-15,17253227.0,MID,23394868.51603769,MID,0.21589532234320416,0.6226323675525716,0.16147233990654664,6427010.583511437,23394868.51603769,41536005.15721062,0.161,some,False,MID - expected ~$23M opening.  Some breakout potential (about 1 in 5 chance of clearing $50M).  Bear ~$6M / Base ~$23M / Bull $42M+,True,6141641.516037691,OOF_BACKTEST,V28-A
161,Plane,2023-01-13,10253307.0,SMALL,7682821.096061306,SMALL,0.8755019101740825,0.11053226061124366,0.013965832939964177,2017448.1202411135,7682821.096061306,15758526.454670003,0.014,none,False,SMALL - expected ~$8M opening.  Bear ~$2M / Base ~$8M / Bull $16M+,True,2570485.903938694,OOF_BACKTEST,V28-A
1259,Reminders of Him,2026-03-13,17979940.0,MID,7802133.744770953,SMALL,0.9457858916825941,0.04375155226528922,0.010462569650881479,4964740.860879755,7802133.744770953,9157062.982330369,0.01,none,False,SMALL - expected ~$8M opening.  Bear ~$5M / Base ~$8M / Bull $9M+,False,10177806.255229047,OOF_BACKTEST,V28-A
355,Nobody 2,2025-08-15,9251190.0,SMALL,11602630.074067477,SMALL,0.7362361910343471,0.24111130650790247,0.02265251788278053,2682106.935237964,11602630.074067477,23793085.99330581,0.023,none,False,SMALL - expected ~$12M opening.  Bear ~$3M / Base ~$12M / Bull $24M+,True,2351440.074067477,OOF_BACKTEST,V28-A
86,FLIGHT RISK,2025-01-24,11583488.0,SMALL,8938371.952072145,SMALL,0.865705937199462,0.12584414204084649,0.00844996144684662,3225206.528381869,8938371.952072145,16319486.74761223,0.008,none,False,SMALL - expected ~$9M opening.  Bear ~$3M / Base ~$9M / Bull $16M+,True,2645116.0479278546,OOF_BACKTEST,V28-A
404,Bonhoeffer,2024-11-20,5047975.0,SMALL,3807938.7484384254,SMALL,0.9752436001016955,0.01997655492587927,0.004779842417199951,1497280.4232508852,3807938.7484384254,4835881.627599347,0.005,none,False,SMALL - expected ~$4M opening.  Bear ~$1M / Base ~$4M / Bull $5M+,True,1240036.2515615746,OOF_BACKTEST,V28-A
3,80 FOR BRADY,2023-02-03,12701640.0,SMALL,10349447.312936202,SMALL,0.8392596296470722,0.12853240307223848,0.03220797157350423,3952841.252848064,10349447.312936202,17874287.06564875,0.032,none,False,SMALL - expected ~$10M opening.  Bear ~$4M / Base ~$10M / Bull $18M+,True,2352192.6870637983,OOF_BACKTEST,V28-A
415,About My Father,2023-05-26,4321148.0,SMALL,5675155.869116455,SMALL,0.9717599724564534,0.023869376737767782,0.004370674090662253,2504732.200126474,5675155.869116455,9575423.237921616,0.004,none,False,SMALL - expected ~$6M opening.  Bear ~$3M / Base ~$6M / Bull $10M+,True,1354007.8691164553,OOF_BACKTEST,V28-A
207,THE KILLER'S GAME,2024-09-13,2697850.0,SMALL,7173330.020528708,SMALL,0.9381323140009075,0.05599981549229632,0.005867851563840664,2776230.385878146,7173330.020528708,13299913.88263052,0.006,none,False,SMALL - expected ~$7M opening.  Bear ~$3M / Base ~$7M / Bull $13M+,True,4475480.020528708,OOF_BACKTEST,V28-A
377,Song Sung Blue,2025-12-25,7073630.0,SMALL,11217381.209023867,SMALL,0.6804017326738795,0.27371306210175234,0.045885203187100015,3516063.383827955,11217381.209023867,21616595.5899966,0.046,none,False,SMALL - expected ~$11M opening.  Bear ~$4M / Base ~$11M / Bull $22M+,True,4143751.209023867,OOF_BACKTEST,V28-A
382,Are You There God Its Me Margaret,2023-04-28,6739037.0,SMALL,9503135.796313126,SMALL,0.7726250873033428,0.20356087279898283,0.023814038035029336,3065781.6984959086,9503135.796313126,18696663.584514834,0.024,none,False,SMALL - expected ~$10M opening.  Bear ~$3M / Base ~$10M / Bull $19M+,True,2764098.7963131256,OOF_BACKTEST,V28-A
93,GOOD FORTUNE,2025-10-17,6163433.0,SMALL,5560048.3097737,SMALL,0.9254517003090008,0.06145877494914165,0.013089514111683532,1391331.6922248625,5560048.3097737,10810556.428091282,0.013,none,False,SMALL - expected ~$6M opening.  Bear ~$1M / Base ~$6M / Bull $11M+,True,603384.6902262997,OOF_BACKTEST,V28-A
215,THE ROSES,2025-08-29,6265264.0,SMALL,7893309.403531464,SMALL,0.9291369577962463,0.0638964123892493,0.0069666456069705,3849285.4820961705,7893309.403531464,12362614.836354228,0.007,none,False,SMALL - expected ~$8M opening.  Bear ~$4M / Base ~$8M / Bull $12M+,True,1628045.4035314638,OOF_BACKTEST,V28-A
169,Redeeming Love,2022-01-21,3530000.0,SMALL,9406939.518108737,SMALL,0.7840796910809885,0.19263743273826633,0.023282889452091827,4969276.116971985,9406939.518108737,21308628.116101198,0.023,none,False,SMALL - expected ~$9M opening.  Bear ~$5M / Base ~$9M / Bull $21M+,True,5876939.518108737,OOF_BACKTEST,V28-A
164,REGRETTING YOU,2025-10-24,13687530.0,SMALL,15840321.400743276,MID,0.4544696510606071,0.4766965672679956,0.06883380495446167,2733724.4625588376,15840321.400743276,30771608.59384666,0.069,none,False,MID - expected ~$16M opening.  Bear ~$3M / Base ~$16M / Bull $31M+,False,2152791.400743276,OOF_BACKTEST,V28-A
414,The Blind,2023-09-28,4341725.0,SMALL,5262177.934717694,SMALL,0.9596746326329164,0.030666175805923148,0.009659195239157,1806667.0772519286,5262177.934717694,8477617.439076435,0.01,none,False,SMALL - expected ~$5M opening.  Bear ~$2M / Base ~$5M / Bull $8M+,True,920452.9347176943,OOF_BACKTEST,V28-A
318,Trap,2024-08-02,15454146.0,MID,12290131.931494614,SMALL,0.6117137899676537,0.3705610181916091,0.017725204646422514,3325047.873284849,12290131.931494614,22654885.77914536,0.018,none,False,SMALL - expected ~$12M opening.  Bear ~$3M / Base ~$12M / Bull $23M+,False,3164014.068505386,OOF_BACKTEST,V28-A
219,THE UNBEARABLE WEIGHT OF MASSIVE TALENT,2022-04-22,7131703.0,SMALL,7348566.477025918,SMALL,0.7919067195304155,0.1937831701043768,0.014310126314106884,1723439.3524517803,7348566.477025918,16095768.55120488,0.014,none,False,SMALL - expected ~$7M opening.  Bear ~$2M / Base ~$7M / Bull $16M+,True,216863.47702591773,OOF_BACKTEST,V28-A
49,COCAINE BEAR,2023-02-24,23100000.0,MID,28099291.68241719,MID,0.21516504087658567,0.6824668942916093,0.10236807600767593,7224038.653482264,28099291.68241719,44894893.95382858,0.102,none,False,MID - expected ~$28M opening.  Bear ~$7M / Base ~$28M / Bull $45M+,True,4999291.682417192,OOF_BACKTEST,V28-A
309,Dont Worry Darling,2022-09-23,19353213.0,MID,12462923.707312092,SMALL,0.6390505447841284,0.3131944428304616,0.04775503182676877,2903009.8349852306,12462923.707312092,24651892.591857187,0.048,none,False,SMALL - expected ~$12M opening.  Bear ~$3M / Base ~$12M / Bull $25M+,False,6890289.292687908,OOF_BACKTEST,V28-A
205,THE HOUSEMAID,2025-12-19,19010000.0,MID,15445198.781932257,MID,0.4916548699364762,0.46683877748403546,0.0415063656180044,4862239.66280787,15445198.781932257,25914917.137462072,0.042,none,False,MID - expected ~$15M opening.  Bear ~$5M / Base ~$15M / Bull $26M+,True,3564801.218067743,OOF_BACKTEST,V28-A
233,The Beekeeper,2024-01-12,16569283.0,MID,16739504.50482442,MID,0.27224582649486473,0.6531229467084794,0.074631252873688,4645169.50035808,16739504.50482442,33375136.772231206,0.075,none,False,MID - expected ~$17M opening.  Bear ~$5M / Base ~$17M / Bull $33M+,True,170221.50482442044,OOF_BACKTEST,V28-A
315,Downton Abbey A New Era,2022-05-20,16000495.0,MID,13920053.636526577,SMALL,0.498461300000018,0.46542237107234147,0.03611635093013643,4224620.479766317,13920053.636526577,26366833.69251338,0.036,none,False,SMALL - expected ~$14M opening.  Bear ~$4M / Base ~$14M / Bull $26M+,False,2080441.3634734228,OOF_BACKTEST,V28-A
57,DEN OF THIEVES 2: PANTERA,2025-01-10,15022909.0,MID,12483789.914368793,SMALL,0.5751264802097956,0.3902172335955796,0.03465628014102804,4125119.056613392,12483789.914368793,23144906.140831232,0.035,none,False,SMALL - expected ~$12M opening.  Bear ~$4M / Base ~$12M / Bull $23M+,False,2539119.0856312066,OOF_BACKTEST,V28-A
361,The Boys in the Boat,2023-12-25,8400548.0,SMALL,9396385.63891143,SMALL,0.7262053274884459,0.24085157423492048,0.032943125692441934,2617440.7816320034,9396385.63891143,15012689.594598265,0.033,none,False,SMALL - expected ~$9M opening.  Bear ~$3M / Base ~$9M / Bull $15M+,True,995837.6389114298,OOF_BACKTEST,V28-A
407,Here,2024-11-01,4875195.0,SMALL,10843981.074152095,SMALL,0.7624858673181316,0.2189489042710507,0.018565184755072055,2462936.867061747,10843981.074152095,22802149.959557604,0.019,none,False,SMALL - expected ~$11M opening.  Bear ~$2M / Base ~$11M / Bull $23M+,True,5968786.074152095,OOF_BACKTEST,V28-A
317,A Working Man,2025-03-28,15510312.0,MID,11923899.738031644,SMALL,0.7708191511410969,0.2060653961211179,0.02311546280771059,2760447.3699118127,11923899.738031644,24743096.91194181,0.023,none,False,SMALL - expected ~$12M opening.  Bear ~$3M / Base ~$12M / Bull $25M+,False,3586412.2619683556,OOF_BACKTEST,V28-A
353,The Bikeriders,2024-06-21,9698275.0,SMALL,11286464.454224918,SMALL,0.7541833104523921,0.22498787634740028,0.02082880609887299,2885103.648640304,11286464.454224918,22290738.638918765,0.021,none,False,SMALL - expected ~$11M opening.  Bear ~$3M / Base ~$11M / Bull $22M+,True,1588189.454224918,OOF_BACKTEST,V28-A
369,Caught Stealing,2025-08-29,7803925.0,SMALL,11690734.272795102,SMALL,0.6546474446497994,0.32295546638973693,0.02239709478122978,3431283.6487654457,11690734.272795102,23391015.07011457,0.022,none,False,SMALL - expected ~$12M opening.  Bear ~$3M / Base ~$12M / Bull $23M+,True,3886809.2727951016,OOF_BACKTEST,V28-A
10,AMBULANCE,2022-04-08,8699630.0,SMALL,12635391.070522267,SMALL,0.5992434047036845,0.3616140848095869,0.03914250047501084,3784969.744775294,12635391.070522267,24474154.517076172,0.039,none,False,SMALL - expected ~$13M opening.  Bear ~$4M / Base ~$13M / Bull $24M+,True,3935761.0705222674,OOF_BACKTEST,V28-A
208,THE KING'S DAUGHTER,2022-01-21,722796.0,SMALL,3215061.1948446627,SMALL,0.9654602337757969,0.02650417246168867,0.008035555229042873,443278.8390149063,3215061.1948446627,4214382.777877251,0.008,none,False,SMALL - expected ~$3M opening.  Bear ~$0M / Base ~$3M / Bull $4M+,True,2492265.1948446627,OOF_BACKTEST,V28-A
211,THE NAKED GUN,2025-08-01,16805560.0,MID,15129128.170663413,MID,0.4104457102199037,0.5202832473531194,0.06927105546549309,3579431.762563298,15129128.170663413,26418507.04014243,0.069,none,False,MID - expected ~$15M opening.  Bear ~$4M / Base ~$15M / Bull $26M+,True,1676431.8293365873,OOF_BACKTEST,V28-A
293,Freakier Friday,2025-08-08,28583167.0,MID,23728443.715190195,MID,0.16328760591851627,0.7398432776513728,0.09686910897953036,9658287.73634977,23728443.715190195,36895387.58046949,0.097,none,False,MID - expected ~$24M opening.  Bear ~$10M / Base ~$24M / Bull $37M+,True,4854723.284809805,OOF_BACKTEST,V28-A
33,BLACKLIGHT,2022-02-11,3502475.0,SMALL,5315108.091304206,SMALL,0.9289942922773183,0.058727559322604296,0.0122781415461253,1535064.909150289,5315108.091304206,9262511.256154504,0.012,none,False,SMALL - expected ~$5M opening.  Bear ~$2M / Base ~$5M / Bull $9M+,True,1812633.0913042063,OOF_BACKTEST,V28-A
2,65,2023-03-10,12300000.0,SMALL,15055857.405227093,MID,0.5918467320433998,0.364753161990517,0.0434001201687524,5603267.947278923,15055857.405227093,26312285.832590297,0.043,none,False,MID - expected ~$15M opening.  Bear ~$6M / Base ~$15M / Bull $26M+,False,2755857.405227093,OOF_BACKTEST,V28-A
319,No Hard Feelings,2023-06-23,15002770.0,MID,10627299.104092907,SMALL,0.6737702369869429,0.31185820670039166,0.014371552179921547,3773683.6545129735,10627299.104092907,19471978.332779728,0.014,none,False,SMALL - expected ~$11M opening.  Bear ~$4M / Base ~$11M / Bull $19M+,False,4375470.895907093,OOF_BACKTEST,V28-A
307,Karate Kid Legends,2025-05-30,20302016.0,MID,21345373.228981487,MID,0.2676862912779758,0.6561904526289152,0.0761232579557542,6816942.8251049565,21345373.228981487,34723263.0873451,0.076,none,False,MID - expected ~$21M opening.  Bear ~$7M / Base ~$21M / Bull $35M+,True,1043357.2289814875,OOF_BACKTEST,V28-A
140,Magic Mike s Last Dance,2023-02-10,8310234.0,SMALL,10137648.36089073,SMALL,0.7748656985643837,0.21192172159231537,0.013212579377639604,3941588.2670905185,10137648.36089073,19591096.167599265,0.013,none,False,SMALL - expected ~$10M opening.  Bear ~$4M / Base ~$10M / Bull $20M+,True,1827414.3608907294,OOF_BACKTEST,V28-A
365,Strays,2023-08-18,8247810.0,SMALL,9166004.599491756,SMALL,0.8715491976002848,0.11750634985637497,0.010944439854070067,2191372.527955599,9166004.599491756,18873796.02916094,0.011,none,False,SMALL - expected ~$9M opening.  Bear ~$2M / Base ~$9M / Bull $19M+,True,918194.5994917564,OOF_BACKTEST,V28-A
410,Whitney Houston I Wanna Dance With Somebody,2022-12-23,4700450.0,SMALL,8336450.559995355,SMALL,0.9028092888977723,0.07910412768150224,0.018086611113020085,2020065.707041817,8336450.559995355,17130196.516975734,0.018,none,False,SMALL - expected ~$8M opening.  Bear ~$2M / Base ~$8M / Bull $17M+,True,3636000.559995355,OOF_BACKTEST,V28-A
373,Black Bag,2025-03-14,7607250.0,SMALL,4826942.328633948,SMALL,0.9683857107115692,0.028214471393600317,0.0033998126215801674,1364223.1911169088,4826942.328633948,9809228.036969146,0.003,none,False,SMALL - expected ~$5M opening.  Bear ~$1M / Base ~$5M / Bull $10M+,True,2780307.671366052,OOF_BACKTEST,V28-A
418,A Man Called Otto,2022-12-30,4202386.0,SMALL,5990370.118169406,SMALL,0.9576888782293638,0.03255071129402891,0.009760425425971707,3406780.86569644,5990370.118169406,8060690.841033182,0.01,none,False,SMALL - expected ~$6M opening.  Bear ~$3M / Base ~$6M / Bull $8M+,True,1787984.1181694064,OOF_BACKTEST,V28-A
64,DOWNTON ABBEY: THE GRAND FINALE,2025-09-12,18107405.0,MID,10913371.112053674,SMALL,0.6792274733260033,0.29815431874726206,0.02261822701884736,2257595.311856251,10913371.112053674,21717240.864838623,0.023,none,False,SMALL - expected ~$11M opening.  Bear ~$2M / Base ~$11M / Bull $22M+,False,7194033.887946326,OOF_BACKTEST,V28-A
48,CIVIL WAR,2024-04-12,25537368.0,MID,18327864.25596652,MID,0.41900263966517837,0.5356412357762229,0.04535614015825182,4131337.709780634,18327864.25596652,28473216.468000676,0.045,none,False,MID - expected ~$18M opening.  Bear ~$4M / Base ~$18M / Bull $28M+,True,7209503.744033478,OOF_BACKTEST,V28-A
217,THE SMASHING MACHINE,2025-10-03,5841662.0,SMALL,13796276.420860423,SMALL,0.5914129208612224,0.36513976954475225,0.04344733706804143,3196277.62862677,13796276.420860423,25098298.169226658,0.043,none,False,SMALL - expected ~$14M opening.  Bear ~$3M / Base ~$14M / Bull $25M+,True,7954614.420860423,OOF_BACKTEST,V28-A
156,OPERATION FORTUNE,2023-03-03,3139000.0,SMALL,6407547.384058333,SMALL,0.9617978951592219,0.03208712198950329,0.0061150110192351725,1955230.5751609358,6407547.384058333,12292609.303194806,0.006,none,False,SMALL - expected ~$6M opening.  Bear ~$2M / Base ~$6M / Bull $12M+,True,3268547.384058333,OOF_BACKTEST,V28-A
376,Cabrini,2024-03-08,7168520.0,SMALL,4322380.953131655,SMALL,0.9578011990064657,0.03453130946929324,0.007667502228084336,2739506.0886104396,4322380.953131655,5168756.232966706,0.008,none,False,SMALL - expected ~$4M opening.  Bear ~$3M / Base ~$4M / Bull $5M+,True,2846139.046868345,OOF_BACKTEST,V28-A
310,The Woman King,2022-09-16,19051442.0,MID,9233883.370104393,SMALL,0.9029283535570558,0.07588611902192954,0.02118554307887546,4630920.465355464,9233883.370104393,13058030.908332223,0.021,none,False,SMALL - expected ~$9M opening.  Bear ~$5M / Base ~$9M / Bull $13M+,False,9817558.629895607,OOF_BACKTEST,V28-A
358,Springsteen Deliver Me From Nowhere,2025-10-24,8887255.0,SMALL,8841151.500937771,SMALL,0.8960058900660103,0.09422780655741958,0.009766294092448244,5071451.526852276,8841151.500937771,13968805.2003235,0.01,none,False,SMALL - expected ~$9M opening.  Bear ~$5M / Base ~$9M / Bull $14M+,True,46103.49906222895,OOF_BACKTEST,V28-A
95,GUY RITCHIE'S THE COVENANT,2023-04-21,6380188.0,SMALL,8366268.129968882,SMALL,0.9447699846353126,0.04775713103875189,0.007472858006977751,2987615.6911134617,8366268.129968882,15475988.94819202,0.007,none,False,SMALL - expected ~$8M opening.  Bear ~$3M / Base ~$8M / Bull $15M+,True,1986080.1299688816,OOF_BACKTEST,V28-A
111,IT ENDS WITH US,2024-08-09,50016652.0,LARGE+,16384046.841941796,MID,0.43244447100883254,0.525315300172585,0.042240257922413,3647407.066111345,16384046.841941796,28060239.8693259,0.042,none,False,MID - expected ~$16M opening.  Bear ~$4M / Base ~$16M / Bull $28M+,False,33632605.158058204,OOF_BACKTEST,V28-A
46,CHALLENGERS,2024-04-26,15011061.0,MID,15714276.664088236,MID,0.43798127533834574,0.5103244431507353,0.05169429338528172,4515782.66354481,15714276.664088236,28894189.49302395,0.052,none,False,MID - expected ~$16M opening.  Bear ~$5M / Base ~$16M / Bull $29M+,True,703215.6640882362,OOF_BACKTEST,V28-A
320,A Haunting in Venice,2023-09-15,14279529.0,SMALL,16475437.823329855,MID,0.2644789643788964,0.6909135184293327,0.044607557238641626,5879752.171437138,16475437.823329855,27983476.187907785,0.045,none,False,MID - expected ~$16M opening.  Bear ~$6M / Base ~$16M / Bull $28M+,False,2195908.8233298548,OOF_BACKTEST,V28-A
313,Gran Turismo,2023-08-25,17410552.0,MID,15565617.405141624,MID,0.5594977895958125,0.3944561986143108,0.04604604089370722,6919786.88686059,15565617.405141624,27313683.3659723,0.046,none,False,MID - expected ~$16M opening.  Bear ~$7M / Base ~$16M / Bull $27M+,True,1844934.5948583763,OOF_BACKTEST,V28-A
224,TICKET TO PARADISE,2022-10-21,16509095.0,MID,9664053.166457808,SMALL,0.821009864642475,0.16601394440322764,0.012976176402382068,2787233.3674383746,9664053.166457808,19026529.46272099,0.013,none,False,SMALL - expected ~$10M opening.  Bear ~$3M / Base ~$10M / Bull $19M+,False,6845041.833542192,OOF_BACKTEST,V28-A
357,The Ministry of Ungentlemanly Warfare,2024-04-19,8913698.0,SMALL,13068147.802991586,SMALL,0.5264271071898106,0.4497351454739268,0.023837724984520924,4179688.6559143555,13068147.802991586,24746366.829015963,0.024,none,False,SMALL - expected ~$13M opening.  Bear ~$4M / Base ~$13M / Bull $25M+,True,4154449.802991586,OOF_BACKTEST,V28-A
195,THE AMATEUR,2025-04-11,14802849.0,SMALL,9933179.931851842,SMALL,0.7898153252877409,0.19298045356298388,0.017204187912700973,2925644.465091397,9933179.931851842,20367974.005663123,0.017,none,False,SMALL - expected ~$10M opening.  Bear ~$3M / Base ~$10M / Bull $20M+,True,4869669.0681481585,OOF_BACKTEST,V28-A
301,David,2025-12-19,22000554.0,MID,8759117.981276583,SMALL,0.7365333613013485,0.22590555160152306,0.03756109588648517,2616416.7888000486,8759117.981276583,14441539.504380144,0.038,none,False,SMALL - expected ~$9M opening.  Bear ~$3M / Base ~$9M / Bull $14M+,False,13241436.018723417,OOF_BACKTEST,V28-A
1284,The Sheep Detectives,2026-05-08,15087796.0,MID,9414899.976225244,SMALL,0.7927773201182076,0.18133143188569872,0.025891253933275158,2825521.655016109,9414899.976225244,19394294.976407617,0.026,none,False,SMALL - expected ~$9M opening.  Bear ~$3M / Base ~$9M / Bull $19M+,False,5672896.023774756,OOF_BACKTEST,V28-A
337,A Complete Unknown,2024-12-25,11655553.0,SMALL,19714920.490393963,MID,0.4356782095853842,0.5225555016990726,0.04176631758654307,5618877.079775278,19714920.490393963,35118358.56355909,0.042,none,False,MID - expected ~$20M opening.  Bear ~$6M / Base ~$20M / Bull $35M+,False,8059367.490393963,OOF_BACKTEST,V28-A
1348,Billie Eilish Hit Me Hard And Soft The Tour Live In 3D,2026-05-08,7011311.0,SMALL,7401098.262870622,SMALL,0.8871639173905792,0.09300255319485498,0.01983351114099816,3599825.8970429567,7401098.262870622,17921418.52117051,0.02,none,False,SMALL - expected ~$7M opening.  Bear ~$4M / Base ~$7M / Bull $18M+,True,389787.26287062187,OOF_BACKTEST,V28-A
137,MORTAL KOMBAT II,2026-05-08,38501177.0,MID,22649433.49420528,MID,0.3563427495084073,0.4525438263306571,0.19111342416093563,5522415.6957306545,22649433.49420528,53547907.13026792,0.191,some,False,MID - expected ~$23M opening.  Some breakout potential (about 1 in 5 chance of clearing $50M).  Bear ~$6M / Base ~$23M / Bull $54M+,True,15851743.505794719,OOF_BACKTEST,V28-A
35,BOB MARLEY: ONE LOVE,2024-02-14,28600000.0,MID,15264967.31143288,MID,0.48412399709521087,0.45996223214344156,0.0559137707613476,4940219.471338042,15264967.31143288,25471635.32197893,0.056,none,False,MID - expected ~$15M opening.  Bear ~$5M / Base ~$15M / Bull $25M+,True,13335032.68856712,OOF_BACKTEST,V28-A
212,THE NORTHMAN,2022-04-22,12290800.0,SMALL,23974154.10289105,MID,0.18337381902638175,0.7404921407261134,0.07613403559089192,7853062.768087295,23974154.10289105,36301015.70336119,0.076,none,False,MID - expected ~$24M opening.  Bear ~$8M / Base ~$24M / Bull $36M+,False,11683354.10289105,OOF_BACKTEST,V28-A
200,THE EQUALIZER 3,2023-09-01,34604229.0,MID,35190394.89738662,MID,0.06544470677894043,0.5795174916162966,0.3550377848409566,13260838.019734932,35190394.89738662,70777652.58523132,0.355,real,True,MID - expected ~$35M opening.  BREAKOUT WATCH: about 1 in 3 chance of opening above $50M (LARGE+) - consider leaning into spend.  Bear ~$13M / Base ~$35M / Bull $71M+,True,586165.897386618,OOF_BACKTEST,V28-A
288,The Lost City,2022-03-25,30453269.0,MID,15555472.385536399,MID,0.5590675435530985,0.3700223684979709,0.07091008329231765,3298502.07344533,15555472.385536399,32117931.22564207,0.071,none,False,MID - expected ~$16M opening.  Bear ~$3M / Base ~$16M / Bull $32M+,True,14897796.614463601,OOF_BACKTEST,V28-A
146,Morbius,2022-04-01,39005895.0,MID,43191220.779996395,MID,0.07891970028551468,0.6662605179968515,0.25481979289350465,16103344.378930526,43191220.779996395,90186522.54568225,0.255,some,False,MID - expected ~$43M opening.  Some breakout potential (about 1 in 5 chance of clearing $50M).  Bear ~$16M / Base ~$43M / Bull $90M+,True,4185325.779996395,OOF_BACKTEST,V28-A
245,Transformers One,2024-09-20,24613970.0,MID,45585303.674986735,MID,0.057118996650896536,0.463635117936427,0.4792458798247411,17492314.127705004,45585303.674986735,88574264.54012427,0.479,real,True,MID - expected ~$46M opening.  BREAKOUT WATCH: about 1 in 3 chance of opening above $50M (LARGE+) - consider leaning into spend.  Bear ~$17M / Base ~$46M / Bull $89M+,True,20971333.674986735,OOF_BACKTEST,V28-A
51,CREED III,2023-03-03,58370007.0,LARGE+,46847827.366377585,MID,0.02917358606236945,0.5230298869694622,0.4477965455946199,16421777.080508705,46847827.366377585,89675636.46264344,0.448,real,True,MID - expected ~$47M opening.  BREAKOUT WATCH: about 1 in 3 chance of opening above $50M (LARGE+) - consider leaning into spend.  Bear ~$16M / Base ~$47M / Bull $90M+,False,11522179.633622415,OOF_BACKTEST,V28-A
411,The 355,2022-01-07,4621765.0,SMALL,11102136.794245027,SMALL,0.8064252123631837,0.1756929371870677,0.01788186129092555,3124994.2376946937,11102136.794245027,22917503.447583996,0.018,none,False,SMALL - expected ~$11M opening.  Bear ~$3M / Base ~$11M / Bull $23M+,True,6480371.794245027,OOF_BACKTEST,V28-A
27,BABYLON,2022-12-23,3603368.0,SMALL,20101255.176626537,MID,0.2900111693254268,0.6434895887117404,0.06649922706167166,3928369.66844537,20101255.176626537,33749377.85204392,0.066,none,False,MID - expected ~$20M opening.  Bear ~$4M / Base ~$20M / Bull $34M+,False,16497887.176626537,OOF_BACKTEST,V28-A
9,AIR,2023-04-05,14456279.0,SMALL,22101442.378548205,MID,0.2852274354683647,0.6676548598591283,0.047117693496636165,5713761.308915113,22101442.378548205,36940914.58084074,0.047,none,False,MID - expected ~$22M opening.  Bear ~$6M / Base ~$22M / Bull $37M+,False,7645163.378548205,OOF_BACKTEST,V28-A
295,The Accountant 2,2025-04-25,24533959.0,MID,18664645.97044777,MID,0.2924723403951605,0.628306997512981,0.07922062111366522,4419548.086468679,18664645.97044777,29295007.79109048,0.079,none,False,MID - expected ~$19M opening.  Bear ~$4M / Base ~$19M / Bull $29M+,True,5869313.029552229,OOF_BACKTEST,V28-A
12,AMSTERDAM,2022-10-07,6444896.0,SMALL,16763201.232326534,MID,0.4725060531299018,0.4857539680465264,0.041739975098281576,4784239.737845731,16763201.232326534,31674326.777198464,0.042,none,False,MID - expected ~$17M opening.  Bear ~$5M / Base ~$17M / Bull $32M+,False,10318305.232326534,OOF_BACKTEST,V28-A
148,NE ZHA 2,2025-02-12,7200000.0,SMALL,10198622.885377944,SMALL,0.6943029168473107,0.26320068411343417,0.04249639577962597,1264417.3632670392,10198622.885377944,23106328.114570733,0.042,none,False,SMALL - expected ~$10M opening.  Bear ~$1M / Base ~$10M / Bull $23M+,True,2998622.8853779435,OOF_BACKTEST,V28-A
139,Madame Web,2024-02-14,15335763.0,MID,42389224.87286411,MID,0.03138592667145981,0.6162518631366224,0.35236222323043387,19356863.45158742,42389224.87286411,77163726.67396365,0.352,real,True,MID - expected ~$42M opening.  BREAKOUT WATCH: about 1 in 3 chance of opening above $50M (LARGE+) - consider leaning into spend.  Bear ~$19M / Base ~$42M / Bull $77M+,True,27053461.872864112,OOF_BACKTEST,V28-A
321,The Creator,2023-09-29,14079512.0,SMALL,16785303.638207104,MID,0.5259941339325052,0.44852730185634526,0.02547856165001252,5361676.927827265,16785303.638207104,30129555.15708398,0.025,none,False,MID - expected ~$17M opening.  Bear ~$5M / Base ~$17M / Bull $30M+,False,2705791.638207104,OOF_BACKTEST,V28-A
257,WUTHERING HEIGHTS,2026-02-13,32801647.0,MID,21426648.033171438,MID,0.261513719382685,0.5886336708538189,0.14985259858762526,3538041.782328599,21426648.033171438,39576016.86585482,0.15,none,False,MID - expected ~$21M opening.  Bear ~$4M / Base ~$21M / Bull $40M+,True,11374998.966828562,OOF_BACKTEST,V28-A
76,Elvis,2022-06-24,31211579.0,MID,42988612.21441524,MID,0.06765774060339418,0.5081602687889024,0.42418197570654226,10853910.288488867,42988612.21441524,93497802.11290875,0.424,real,True,MID - expected ~$43M opening.  BREAKOUT WATCH: about 1 in 3 chance of opening above $50M (LARGE+) - consider leaning into spend.  Bear ~$11M / Base ~$43M / Bull $93M+,True,11777033.214415237,OOF_BACKTEST,V28-A
94,GREENLAND 2: MIGRATION,2026-01-09,8401148.0,SMALL,15682934.217751227,MID,0.578409156860716,0.360122969673053,0.06146789954326304,3466273.337664291,15682934.217751227,29737961.814048123,0.061,none,False,MID - expected ~$16M opening.  Bear ~$3M / Base ~$16M / Bull $30M+,False,7281786.217751227,OOF_BACKTEST,V28-A
56,DEATH ON THE NILE,2022-02-11,12891109.0,SMALL,34062637.653029986,MID,0.07027675019425901,0.7831012660949346,0.14662197998551613,12557494.774997305,34062637.653029986,61569912.54239641,0.147,none,False,MID - expected ~$34M opening.  Bear ~$13M / Base ~$34M / Bull $62M+,False,21171528.653029986,OOF_BACKTEST,V28-A
296,From the World of John Wick Ballerina,2025-06-06,24501663.0,MID,35952491.992236346,MID,0.14419808012404361,0.6075911460155874,0.24821079621211076,11145337.696297027,35952491.992236346,74247466.94903317,0.248,some,False,MID - expected ~$36M opening.  Some breakout potential (about 1 in 5 chance of clearing $50M).  Bear ~$11M / Base ~$36M / Bull $74M+,True,11450828.992236346,OOF_BACKTEST,V28-A
1239,In the Grey,2026-05-15,2926879.0,SMALL,2811110.438597244,SMALL,0.8929560475644209,0.09260219079519655,0.014441781925752338,232415.98964258697,2811110.438597244,9146924.314574994,0.014,none,False,SMALL - expected ~$3M opening.  Bear ~$0M / Base ~$3M / Bull $9M+,True,115768.56140275579,OOF_BACKTEST,V28-A
155,Now You See Me Now You Dont,2025-11-14,21014000.0,MID,14395947.05780832,SMALL,0.63522630685865,0.3293589455511615,0.03541477739251091,3938391.0561153037,14395947.05780832,28795768.69632255,0.035,none,False,SMALL - expected ~$14M opening.  Bear ~$4M / Base ~$14M / Bull $29M+,False,6618052.942191681,OOF_BACKTEST,V28-A
40,BULLET TRAIN,2022-08-05,30030156.0,MID,20881504.583045244,MID,0.20577732704407029,0.6924358795369077,0.10178679900695761,5823179.779933623,20881504.583045244,41563303.491456784,0.102,none,False,MID - expected ~$21M opening.  Bear ~$6M / Base ~$21M / Bull $42M+,True,9148651.416954756,OOF_BACKTEST,V28-A
58,DEVOTION,2022-11-23,5902803.0,SMALL,16118249.051329229,MID,0.6082674219691991,0.3613831327991801,0.03034940046992953,4765486.789761619,16118249.051329229,29372593.072269212,0.03,none,False,MID - expected ~$16M opening.  Bear ~$5M / Base ~$16M / Bull $29M+,False,10215446.051329229,OOF_BACKTEST,V28-A
1202,Goat,2026-02-11,27202138.0,MID,12795086.72830581,SMALL,0.7465438431597999,0.22136317890862664,0.03209295790813807,3247818.5783682484,12795086.72830581,27305847.01981902,0.032,none,False,SMALL - expected ~$13M opening.  Bear ~$3M / Base ~$13M / Bull $27M+,False,14407051.27169419,OOF_BACKTEST,V28-A
335,The Color Purple,2023-12-25,11737072.0,SMALL,11121459.04047871,SMALL,0.6945153759547877,0.2747721570166298,0.030712473256802254,3340154.269768821,11121459.04047871,21141152.78264004,0.031,none,False,SMALL - expected ~$11M opening.  Bear ~$3M / Base ~$11M / Bull $21M+,True,615612.9595212899,OOF_BACKTEST,V28-A
419,Ferrari,2023-12-25,3921773.0,SMALL,7790966.069685542,SMALL,0.9411758541943791,0.04895651782617138,0.009867627917603917,3149856.5162376543,7790966.069685542,14038988.691364858,0.01,none,False,SMALL - expected ~$8M opening.  Bear ~$3M / Base ~$8M / Bull $14M+,True,3869193.069685542,OOF_BACKTEST,V28-A
42,Beetlejuice Beetlejuice,2024-09-06,111023805.0,LARGE+,70923290.01401283,LARGE+,0.02779450402652839,0.22380605618877655,0.7483994311699612,21279952.53547319,70923290.01401283,142062596.53293264,0.748,high,False,LARGE+ - expected ~$71M opening.  Likely a big opener (LARGE+).  Bear ~$21M / Base ~$71M / Bull $142M+,True,40100514.98598717,OOF_BACKTEST,V28-A
1205,The Bride,2026-03-06,7051476.0,SMALL,15454757.158119991,MID,0.5896922882242636,0.3722718994098454,0.038035836580277996,5424508.12655828,15454757.158119991,29133575.951209206,0.038,none,False,MID - expected ~$15M opening.  Bear ~$5M / Base ~$15M / Bull $29M+,False,8403281.158119991,OOF_BACKTEST,V28-A
157,OPPENHEIMER,2023-07-21,82455420.0,LARGE+,71218108.220731,LARGE+,0.06645671202005658,0.17807473871120122,0.7554685599207442,15976426.15501072,71218108.220731,138398833.3856424,0.755,high,False,LARGE+ - expected ~$71M opening.  Likely a big opener (LARGE+).  Bear ~$16M / Base ~$71M / Bull $138M+,True,11237311.779268995,OOF_BACKTEST,V28-A
113,JOHN WICK: CHAPTER 4,2023-03-24,73817950.0,LARGE+,129485179.63919276,LARGE+,0.004563105503648163,0.01978556063284969,0.975651361204732,63803237.42087106,129485179.63919276,211620662.67266327,0.976,high,False,LARGE+ - expected ~$129M opening.  Likely a big opener (LARGE+).  Bear ~$64M / Base ~$129M / Bull $212M+,True,55667229.63919276,OOF_BACKTEST,V28-A
366,Expend4bles,2023-09-22,8039021.0,SMALL,21019681.806890953,MID,0.28941536161824566,0.6651163227987162,0.04546831651436063,6831582.247391534,21019681.806890953,36159381.53274175,0.045,none,False,MID - expected ~$21M opening.  Bear ~$7M / Base ~$21M / Bull $36M+,False,12980660.806890953,OOF_BACKTEST,V28-A
181,SPIDER-MAN: ACROSS THE SPIDER-VERSE,2023-06-02,120663589.0,LARGE+,64764807.94117918,LARGE+,0.024756580399957852,0.22184288182108616,0.7534005620515506,21010731.097478136,64764807.94117918,114242658.66490121,0.753,high,False,LARGE+ - expected ~$65M opening.  Likely a big opener (LARGE+).  Bear ~$21M / Base ~$65M / Bull $114M+,True,55898781.05882082,OOF_BACKTEST,V28-A
354,Fly Me to the Moon,2024-07-12,9402176.0,SMALL,14500974.701003466,SMALL,0.539277157656377,0.3840184116622356,0.07670443533800031,2584684.3216957417,14500974.701003466,28293427.920106165,0.077,none,False,SMALL - expected ~$15M opening.  Bear ~$3M / Base ~$15M / Bull $28M+,True,5098798.701003466,OOF_BACKTEST,V28-A
236,The Hunger Games The Ballad of Songbirds Snakes,2023-11-17,44607143.0,MID,40426780.31875396,MID,0.0331786341527264,0.6839343600676195,0.28288699926039607,20792077.5107845,40426780.31875396,70181273.64936255,0.283,some,False,MID - expected ~$40M opening.  Some breakout potential (about 1 in 5 chance of clearing $50M).  Bear ~$21M / Base ~$40M / Bull $70M+,True,4180362.6812460423,OOF_BACKTEST,V28-A
28,BAD BOYS: RIDE OR DIE,2024-06-07,56527324.0,LARGE+,33528026.22356413,MID,0.07784288497986958,0.5268183225201056,0.3953387850494442,9515937.455677075,33528026.22356413,65672182.74635188,0.395,real,True,MID - expected ~$34M opening.  BREAKOUT WATCH: about 1 in 3 chance of opening above $50M (LARGE+) - consider leaning into spend.  Bear ~$10M / Base ~$34M / Bull $66M+,False,22999297.77643587,OOF_BACKTEST,V28-A
91,GHOSTBUSTERS: FROZEN EMPIRE,2024-03-22,45004673.0,MID,31316144.8457716,MID,0.1376841644304138,0.5397423341947972,0.32257350137478896,7722663.563693931,31316144.8457716,63239060.67009555,0.323,real,True,MID - expected ~$31M opening.  BREAKOUT WATCH: about 1 in 3 chance of opening above $50M (LARGE+) - consider leaning into spend.  Bear ~$8M / Base ~$31M / Bull $63M+,True,13688528.1542284,OOF_BACKTEST,V28-A
34,BLUE BEETLE,2023-08-18,25030225.0,MID,38862788.492649585,MID,0.09329987441728198,0.7356702285586326,0.17102989329879514,15867292.87082199,38862788.492649585,62352940.991076395,0.171,some,False,MID - expected ~$39M opening.  Some breakout potential (about 1 in 5 chance of clearing $50M).  Bear ~$16M / Base ~$39M / Bull $62M+,True,13832563.492649585,OOF_BACKTEST,V28-A
158,PREDATOR: BADLANDS,2025-11-07,40016853.0,MID,40531164.20984241,MID,0.05416780666723694,0.47088943437155073,0.47494274964798655,12860052.604890434,40531164.20984241,75851686.4809201,0.475,real,True,MID - expected ~$41M opening.  BREAKOUT WATCH: about 1 in 3 chance of opening above $50M (LARGE+) - consider leaning into spend.  Bear ~$13M / Base ~$41M / Bull $76M+,True,514311.20984241366,OOF_BACKTEST,V28-A
184,Shazam Fury of the Gods,2023-03-17,30111158.0,MID,28198053.95401661,MID,0.2020106693838611,0.7025576306065605,0.09543173726248134,7682651.32974984,28198053.95401661,50461440.28603154,0.095,none,False,MID - expected ~$28M opening.  Bear ~$8M / Base ~$28M / Bull $50M+,True,1913104.045983389,OOF_BACKTEST,V28-A
106,IF,2024-05-17,33728375.0,MID,35618017.83580619,MID,0.13300375135876957,0.7371166002291153,0.12987965586269568,12833183.47429819,35618017.83580619,57623219.54942054,0.13,none,False,MID - expected ~$36M opening.  Bear ~$13M / Base ~$36M / Bull $58M+,True,1889642.835806191,OOF_BACKTEST,V28-A
167,THE RUNNING MAN,2025-11-14,16495564.0,MID,26917594.29636423,MID,0.23143674570339234,0.6070364061136997,0.16152684818290797,6581783.439033229,26917594.29636423,49059874.13212771,0.162,some,False,MID - expected ~$27M opening.  Some breakout potential (about 1 in 5 chance of clearing $50M).  Bear ~$7M / Base ~$27M / Bull $49M+,True,10422030.29636423,OOF_BACKTEST,V28-A
360,Borderlands,2024-08-09,8601572.0,SMALL,19782001.19832609,MID,0.3082310314359462,0.6038395744466498,0.08792940156798451,4621574.165939182,19782001.19832609,34946993.681852624,0.088,none,False,MID - expected ~$20M opening.  Bear ~$5M / Base ~$20M / Bull $35M+,False,11180429.198326088,OOF_BACKTEST,V28-A
141,Mickey 17,2025-03-07,19002852.0,MID,20700598.220773257,MID,0.3029549620543731,0.6644228086195404,0.03262222909325582,7126300.821057905,20700598.220773257,34326480.32563568,0.033,none,False,MID - expected ~$21M opening.  Bear ~$7M / Base ~$21M / Bull $34M+,True,1697746.2207732573,OOF_BACKTEST,V28-A
250,Venom The Last Dance,2024-10-25,51012404.0,LARGE+,43428466.95290991,MID,0.042628955821769975,0.5749754274387143,0.38239562651840275,17208468.82334671,43428466.95290991,78429386.26723549,0.382,real,True,MID - expected ~$43M opening.  BREAKOUT WATCH: about 1 in 3 chance of opening above $50M (LARGE+) - consider leaning into spend.  Bear ~$17M / Base ~$43M / Bull $78M+,False,7583937.047090091,OOF_BACKTEST,V28-A
249,Uncharted,2022-02-18,44010155.0,MID,48030729.44596084,MID,0.035995102633853346,0.5614500203921983,0.4025548965317225,11855232.032306422,48030729.44596084,108960026.52538732,0.403,real,True,MID - expected ~$48M opening.  BREAKOUT WATCH: about 1 in 3 chance of opening above $50M (LARGE+) - consider leaning into spend.  Bear ~$12M / Base ~$48M / Bull $109M+,True,4020574.445960842,OOF_BACKTEST,V28-A
256,WONKA,2023-12-15,39005800.0,MID,46956102.49520815,MID,0.015500282119031178,0.3846713480047079,0.5998283642883254,19157202.189309873,46956102.49520815,80520871.72453932,0.6,high,True,MID - expected ~$47M opening.  BREAKOUT WATCH: better than even chance of opening above $50M (LARGE+) - consider leaning into spend.  Bear ~$19M / Base ~$47M / Bull $81M+,True,7950302.495208152,OOF_BACKTEST,V28-A
202,THE FALL GUY,2024-05-03,27747035.0,MID,40882260.778780065,MID,0.079442988934814,0.4800449877402808,0.44051203636342123,10490596.114051834,40882260.778780065,84842908.48776194,0.441,real,True,MID - expected ~$41M opening.  BREAKOUT WATCH: about 1 in 3 chance of opening above $50M (LARGE+) - consider leaning into spend.  Bear ~$10M / Base ~$41M / Bull $85M+,True,13135225.778780065,OOF_BACKTEST,V28-A
291,Meg 2 The Trench,2023-08-04,30002735.0,MID,36200265.506547175,MID,0.027173935954916906,0.5745727548701136,0.3982533366489854,12812051.973784085,36200265.506547175,66814331.49216446,0.398,real,True,MID - expected ~$36M opening.  BREAKOUT WATCH: about 1 in 3 chance of opening above $50M (LARGE+) - consider leaning into spend.  Bear ~$13M / Base ~$36M / Bull $67M+,True,6197530.506547175,OOF_BACKTEST,V28-A
344,Kraven the Hunter,2024-12-13,11001109.0,SMALL,19977415.82420369,MID,0.4244559704036452,0.5133686275106526,0.062175403482686166,4171124.46593517,19977415.82420369,40260102.20117786,0.062,none,False,MID - expected ~$20M opening.  Bear ~$4M / Base ~$20M / Bull $40M+,False,8976306.824203689,OOF_BACKTEST,V28-A
30,BARBIE,2023-07-21,162022044.0,LARGE+,102707400.39069869,LARGE+,0.009364475351540485,0.03948281826038493,0.951152697038469,30618544.279582527,102707400.39069869,193113378.06166005,0.951,high,False,LARGE+ - expected ~$103M opening.  Likely a big opener (LARGE+).  Bear ~$31M / Base ~$103M / Bull $193M+,True,59314643.609301314,OOF_BACKTEST,V28-A
136,MOONFALL,2022-02-04,9868997.0,SMALL,21209321.093467206,MID,0.298512688678451,0.5873177081638441,0.11416959011918891,5616644.197746015,21209321.093467206,34153679.04018683,0.114,none,False,MID - expected ~$21M opening.  Bear ~$6M / Base ~$21M / Bull $34M+,False,11340324.093467206,OOF_BACKTEST,V28-A
4,A Minecraft Movie,2025-04-04,162753003.0,LARGE+,75806251.32668012,LARGE+,0.022751594176425274,0.150308674299085,0.8269397436025794,26435257.55605517,75806251.32668012,146589703.7425354,0.827,high,False,LARGE+ - expected ~$76M opening.  Likely a big opener (LARGE+).  Bear ~$26M / Base ~$76M / Bull $147M+,True,86946751.67331988,OOF_BACKTEST,V28-A
252,WICKED,2024-11-22,112508890.0,LARGE+,104567604.20512578,LARGE+,0.012847621787191399,0.06886878606991412,0.9182836131322132,44052532.88110315,104567604.20512578,172565623.27644932,0.918,high,False,LARGE+ - expected ~$105M opening.  Likely a big opener (LARGE+).  Bear ~$44M / Base ~$105M / Bull $173M+,True,7941285.794874221,OOF_BACKTEST,V28-A
97,Godzilla x Kong The New Empire,2024-03-29,80031984.0,LARGE+,67939414.66871905,LARGE+,0.007372744577689648,0.13925875126843235,0.8533684920939782,25560910.48115141,67939414.66871905,122607163.83083414,0.853,high,False,LARGE+ - expected ~$68M opening.  Likely a big opener (LARGE+).  Bear ~$26M / Base ~$68M / Bull $123M+,True,12092569.331280947,OOF_BACKTEST,V28-A
270,Wicked: For Good,2025-11-21,147004640.0,LARGE+,100411413.23442738,LARGE+,0.012170270971268462,0.05445250632290252,0.9333772364792168,34654705.563371845,100411413.23442738,182839328.42108124,0.933,high,False,LARGE+ - expected ~$100M opening.  Likely a big opener (LARGE+).  Bear ~$35M / Base ~$100M / Bull $183M+,True,46593226.76557262,OOF_BACKTEST,V28-A
72,Dungeons Dragons Honor Among Thieves,2023-03-31,37205784.0,MID,53061322.54522876,LARGE+,0.02243635056556892,0.4599192809502734,0.5176443698811415,15041482.894968567,53061322.54522876,103947142.3338975,0.518,high,False,LARGE+ - expected ~$53M opening.  Likely a big opener (LARGE+).  Bear ~$15M / Base ~$53M / Bull $104M+,False,15855538.545228757,OOF_BACKTEST,V28-A
230,TWISTERS,2024-07-19,81251415.0,LARGE+,61326219.6442581,LARGE+,0.013402656722793,0.22022669491684535,0.7663706410553002,23551301.149383977,61326219.6442581,118772450.19115049,0.766,high,False,LARGE+ - expected ~$61M opening.  Likely a big opener (LARGE+).  Bear ~$24M / Base ~$61M / Bull $119M+,True,19925195.355741903,OOF_BACKTEST,V28-A
120,KINGDOM OF THE PLANET OF THE APES,2024-05-10,58400788.0,LARGE+,51335986.89064686,LARGE+,0.020047966406702,0.4074006660257439,0.5725513936445863,21461211.03364136,51335986.89064686,90161244.99214587,0.573,high,False,LARGE+ - expected ~$51M opening.  Likely a big opener (LARGE+).  Bear ~$21M / Base ~$51M / Bull $90M+,True,7064801.10935314,OOF_BACKTEST,V28-A
154,Napoleon Movie,2023-11-22,20632569.0,MID,26313373.042807996,MID,0.19414830602894168,0.6405464507965299,0.16530525062510903,6210908.995550311,26313373.042807996,44102522.197142005,0.165,some,False,MID - expected ~$26M opening.  Some breakout potential (about 1 in 5 chance of clearing $50M).  Bear ~$6M / Base ~$26M / Bull $44M+,True,5680804.042807996,OOF_BACKTEST,V28-A
294,Furiosa A Mad Max Saga,2024-05-24,26326462.0,MID,52649792.09572308,LARGE+,0.019909461043731765,0.3994996665504149,0.5805909022081757,20711169.593926076,52649792.09572308,95742891.05514257,0.581,high,False,LARGE+ - expected ~$53M opening.  Likely a big opener (LARGE+).  Bear ~$21M / Base ~$53M / Bull $96M+,False,26323330.095723078,OOF_BACKTEST,V28-A
225,TOP GUN: MAVERICK,2022-05-27,126707459.0,LARGE+,127434804.94664547,LARGE+,0.0023095920580535603,0.010425945004378961,0.9872644518687896,48949966.856217645,127434804.94664547,232939160.79651886,0.987,high,False,LARGE+ - expected ~$127M opening.  Likely a big opener (LARGE+).  Bear ~$49M / Base ~$127M / Bull $233M+,True,727345.9466454685,OOF_BACKTEST,V28-A
302,One Battle After Another,2025-09-26,22000387.0,MID,22680730.172740445,MID,0.3468128277166422,0.4781291321777249,0.17505803638034265,3983500.136163063,22680730.172740445,48283968.92699644,0.175,some,False,MID - expected ~$23M opening.  Some breakout potential (about 1 in 5 chance of clearing $50M).  Bear ~$4M / Base ~$23M / Bull $48M+,True,680343.1727404445,OOF_BACKTEST,V28-A
45,CAPTAIN AMERICA: BRAVE NEW WORLD,2025-02-14,88842603.0,LARGE+,47312869.85638765,MID,0.01872111198857171,0.5007060130052959,0.4805728649944147,16839010.951211877,47312869.85638765,92967662.92642337,0.481,real,True,MID - expected ~$47M opening.  BREAKOUT WATCH: about 1 in 3 chance of opening above $50M (LARGE+) - consider leaning into spend.  Bear ~$17M / Base ~$47M / Bull $93M+,False,41529733.14361235,OOF_BACKTEST,V28-A
223,THUNDERBOLTS,2025-05-02,74300608.0,LARGE+,79908945.10986203,LARGE+,0.004532565242840162,0.054206421023140744,0.9412610373663295,42781638.73884416,79908945.10986203,121513968.31177622,0.941,high,False,LARGE+ - expected ~$80M opening.  Likely a big opener (LARGE+).  Bear ~$43M / Base ~$80M / Bull $122M+,True,5608337.10986203,OOF_BACKTEST,V28-A
116,JURASSIC WORLD REBIRTH,2025-07-02,92016065.0,LARGE+,68780166.64582267,LARGE+,0.008391245483498934,0.1143777851332201,0.8772309776596827,28441390.768244456,68780166.64582267,118046542.2633552,0.877,high,False,LARGE+ - expected ~$69M opening.  Likely a big opener (LARGE+).  Bear ~$28M / Base ~$69M / Bull $118M+,True,23235898.354177326,OOF_BACKTEST,V28-A
196,THE BATMAN,2022-03-04,134008624.0,LARGE+,126592384.32266387,LARGE+,0.0033804236720886144,0.02845657977275462,0.968163011288971,46743064.425255515,126592384.32266387,227516660.083594,0.968,high,False,LARGE+ - expected ~$127M opening.  Likely a big opener (LARGE+).  Bear ~$47M / Base ~$127M / Bull $228M+,True,7416239.677336127,OOF_BACKTEST,V28-A
114,JOKER: FOLIE À DEUX,2024-10-04,37678467.0,MID,35978312.591070116,MID,0.022203980408533917,0.6518522127731811,0.32594379657373673,14362907.27482358,35978312.591070116,64664309.793841645,0.326,real,True,MID - expected ~$36M opening.  BREAKOUT WATCH: about 1 in 3 chance of opening above $50M (LARGE+) - consider leaning into spend.  Bear ~$14M / Base ~$36M / Bull $65M+,True,1700154.4089298844,OOF_BACKTEST,V28-A
65,DUNE: PART TWO,2024-03-01,82505391.0,LARGE+,139160159.18244874,LARGE+,0.004095779712859782,0.011057410831352615,0.9848468237384924,78991674.78097342,139160159.18244874,214118036.7918597,0.985,high,False,LARGE+ - expected ~$139M opening.  Likely a big opener (LARGE+).  Bear ~$79M / Base ~$139M / Bull $214M+,True,56654768.182448745,OOF_BACKTEST,V28-A
226,TRANSFORMERS: RISE OF THE BEASTS,2023-06-09,61045464.0,LARGE+,42926481.96257888,MID,0.025112517916707485,0.5867344882433604,0.3881530082754321,16508798.604857339,42926481.96257888,80839249.6561429,0.388,real,True,MID - expected ~$43M opening.  BREAKOUT WATCH: about 1 in 3 chance of opening above $50M (LARGE+) - consider leaning into spend.  Bear ~$17M / Base ~$43M / Bull $81M+,False,18118982.037421122,OOF_BACKTEST,V28-A
119,KILLERS OF THE FLOWER MOON,2023-10-20,23253655.0,MID,37102799.545570344,MID,0.09184566828855861,0.6611591973570998,0.2469951231784706,12216055.419165727,37102799.545570344,72059372.34143467,0.247,some,False,MID - expected ~$37M opening.  Some breakout potential (about 1 in 5 chance of clearing $50M).  Bear ~$12M / Base ~$37M / Bull $72M+,True,13849144.545570344,OOF_BACKTEST,V28-A
24,Argylle,2024-02-02,17446135.0,MID,36698949.86899122,MID,0.10722596306882631,0.5477509968155145,0.34502305687946555,12530244.704344079,36698949.86899122,72728281.83765835,0.345,real,True,MID - expected ~$37M opening.  BREAKOUT WATCH: about 1 in 3 chance of opening above $50M (LARGE+) - consider leaning into spend.  Bear ~$13M / Base ~$37M / Bull $73M+,True,19252814.86899122,OOF_BACKTEST,V28-A
234,The Fantastic Four First Steps,2025-07-21,117644828.0,LARGE+,55708347.407616794,LARGE+,0.015819716994826677,0.21905259392524007,0.7651277036318485,20126405.952088475,55708347.407616794,109118435.34793364,0.765,high,False,LARGE+ - expected ~$56M opening.  Likely a big opener (LARGE+).  Bear ~$20M / Base ~$56M / Bull $109M+,True,61936480.592383206,OOF_BACKTEST,V28-A
138,MUFASA: THE LION KING,2024-12-20,35409365.0,MID,35896179.78219546,MID,0.1541214276023591,0.626437288233842,0.2194413065155407,9823682.343034044,35896179.78219546,64718931.59223908,0.219,some,False,MID - expected ~$36M opening.  Some breakout potential (about 1 in 5 chance of clearing $50M).  Bear ~$10M / Base ~$36M / Bull $65M+,True,486814.7821954563,OOF_BACKTEST,V28-A
82,FANTASTIC BEASTS: THE SECRETS OF DUMBLEDORE,2022-04-15,42151256.0,MID,38793962.31412618,MID,0.03411543697709581,0.6386500648257717,0.3272345186862291,23564217.55680651,38793962.31412618,55382177.87328565,0.327,real,True,MID - expected ~$39M opening.  BREAKOUT WATCH: about 1 in 3 chance of opening above $50M (LARGE+) - consider leaning into spend.  Bear ~$24M / Base ~$39M / Bull $55M+,True,3357293.6858738214,OOF_BACKTEST,V28-A
55,DEADPOOL & WOLVERINE,2024-07-26,211435291.0,LARGE+,142886659.88879663,LARGE+,0.004119126550584454,0.024129149457269197,0.9717517332999152,68600648.53896426,142886659.88879663,235606905.06022945,0.972,high,False,LARGE+ - expected ~$143M opening.  Likely a big opener (LARGE+).  Bear ~$69M / Base ~$143M / Bull $236M+,True,68548631.11120337,OOF_BACKTEST,V28-A
1257,Project Hail Mary,2026-03-20,80506007.0,LARGE+,48699618.33659293,MID,0.058527780350753,0.43543799024496443,0.5060342312669277,18182194.732515406,48699618.33659293,100067068.13491482,0.506,high,True,MID - expected ~$49M opening.  BREAKOUT WATCH: better than even chance of opening above $50M (LARGE+) - consider leaning into spend.  Bear ~$18M / Base ~$49M / Bull $100M+,False,31806388.663407072,OOF_BACKTEST,V28-A
283,Black Adam,2022-10-21,67004323.0,LARGE+,85780881.96803132,LARGE+,0.010667466217623224,0.26945905828358835,0.7198734976176995,24743533.119098626,85780881.96803132,157209539.50190133,0.72,high,False,LARGE+ - expected ~$86M opening.  Likely a big opener (LARGE+).  Bear ~$25M / Base ~$86M / Bull $157M+,True,18776558.968031317,OOF_BACKTEST,V28-A
13,ANT-MAN AND THE WASP: QUANTUMANIA,2023-02-17,106109650.0,LARGE+,56657479.92521474,LARGE+,0.023354087739882585,0.2613510111515188,0.7152948950550018,21622834.94410714,56657479.92521474,111439147.74224271,0.715,high,False,LARGE+ - expected ~$57M opening.  Likely a big opener (LARGE+).  Bear ~$22M / Base ~$57M / Bull $111M+,True,49452170.07478526,OOF_BACKTEST,V28-A
279,MASTERS OF THE UNIVERSE,2026-06-05,29439929.0,MID,47613183.5055051,MID,0.1423094646859465,0.21377151222011187,0.6439190272557894,9423499.456417829,47613183.5055051,88865589.22491671,0.644,high,True,MID - expected ~$48M opening.  BREAKOUT WATCH: better than even chance of opening above $50M (LARGE+) - consider leaning into spend.  Bear ~$9M / Base ~$48M / Bull $89M+,True,18173254.5055051,OOF_BACKTEST,V28-A
14,AQUAMAN AND THE LOST KINGDOM,2023-12-22,27686211.0,MID,35797446.158288896,MID,0.2161833884753881,0.48940993365090324,0.2944067002254504,6070626.698841101,35797446.158288896,70449815.96197248,0.294,some,False,MID - expected ~$36M opening.  Some breakout potential (about 1 in 5 chance of clearing $50M).  Bear ~$6M / Base ~$36M / Bull $70M+,True,8111235.158288896,OOF_BACKTEST,V28-A
78,F1 Movie,2025-06-27,57001667.0,LARGE+,35228193.45888164,MID,0.10043558291935012,0.7035910368230176,0.19597338398292263,15582891.763949024,35228193.45888164,68651200.30011386,0.196,some,False,MID - expected ~$35M opening.  Some breakout potential (about 1 in 5 chance of clearing $50M).  Bear ~$16M / Base ~$35M / Bull $69M+,False,21773473.54111836,OOF_BACKTEST,V28-A
286,Tron Ares,2025-10-10,33241433.0,MID,32720310.944858044,MID,0.09294336916768778,0.6841790549085066,0.22287759082496678,10721887.053614901,32720310.944858044,54436754.21856724,0.223,some,False,MID - expected ~$33M opening.  Some breakout potential (about 1 in 5 chance of clearing $50M).  Bear ~$11M / Base ~$33M / Bull $54M+,True,521122.0551419556,OOF_BACKTEST,V28-A
143,Mission Impossible Dead Reckoning Part One,2023-07-10,54688347.0,LARGE+,91151645.93004596,LARGE+,0.01055236091415739,0.046532327133807096,0.9429153155645484,45925897.0565544,91151645.93004596,144792951.40301996,0.943,high,False,LARGE+ - expected ~$91M opening.  Likely a big opener (LARGE+).  Bear ~$46M / Base ~$91M / Bull $145M+,True,36463298.93004596,OOF_BACKTEST,V28-A
204,THE FLASH,2023-06-16,55043679.0,LARGE+,97674500.61121732,LARGE+,0.004442684104654786,0.0742863493765272,0.9212709781312463,48044246.93864161,97674500.61121732,151345480.62783656,0.921,high,False,LARGE+ - expected ~$98M opening.  Likely a big opener (LARGE+).  Bear ~$48M / Base ~$98M / Bull $151M+,True,42630821.61121732,OOF_BACKTEST,V28-A
182,SUPERMAN,2025-07-11,125021735.0,LARGE+,84195598.7860463,LARGE+,0.003477425691665437,0.012806394908182764,0.9837161530029777,26669188.735698663,84195598.7860463,157659081.67707783,0.984,high,False,LARGE+ - expected ~$84M opening.  Likely a big opener (LARGE+).  Bear ~$27M / Base ~$84M / Bull $158M+,True,40826136.2139537,OOF_BACKTEST,V28-A
31,BLACK PANTHER: WAKANDA FOREVER,2022-11-11,181339761.0,LARGE+,77636835.5771122,LARGE+,0.008582450302456317,0.0681172412333926,0.9233003248932634,27256834.01725715,77636835.5771122,149132037.73898795,0.923,high,False,LARGE+ - expected ~$78M opening.  Likely a big opener (LARGE+).  Bear ~$27M / Base ~$78M / Bull $149M+,True,103702925.4228878,OOF_BACKTEST,V28-A
168,Red One,2024-11-15,32106112.0,MID,31162717.726254217,MID,0.0846522427856041,0.7361861556146403,0.17916159042388474,14054986.361785786,31162717.726254217,67998460.13045594,0.179,some,False,MID - expected ~$31M opening.  Some breakout potential (about 1 in 5 chance of clearing $50M).  Bear ~$14M / Base ~$31M / Bull $68M+,True,943394.2737457827,OOF_BACKTEST,V28-A
222,THOR: LOVE AND THUNDER,2022-07-07,144165107.0,LARGE+,84120073.15664908,LARGE+,0.008455665373761674,0.056843836452062486,0.9347005118093203,30097294.25430485,84120073.15664908,158075725.32135087,0.935,high,False,LARGE+ - expected ~$84M opening.  Likely a big opener (LARGE+).  Bear ~$30M / Base ~$84M / Bull $158M+,True,60045033.84335092,OOF_BACKTEST,V28-A
98,Guardians of the Galaxy Vol 3,2023-05-05,118414021.0,LARGE+,75710825.83220771,LARGE+,0.006084802048674541,0.0488738463558012,0.9450413522067047,26272390.788655672,75710825.83220771,141344551.84507874,0.945,high,False,LARGE+ - expected ~$76M opening.  Likely a big opener (LARGE+).  Bear ~$26M / Base ~$76M / Bull $141M+,True,42703195.16779229,OOF_BACKTEST,V28-A
185,Snow White,2025-03-21,42206415.0,MID,54990880.23480119,LARGE+,0.01684831680373887,0.43839943351262667,0.5447522487523119,22663662.870405607,54990880.23480119,100997029.40946503,0.545,high,False,LARGE+ - expected ~$55M opening.  Likely a big opener (LARGE+).  Bear ~$23M / Base ~$55M / Bull $101M+,False,12784465.234801188,OOF_BACKTEST,V28-A
240,The Marvels,2023-11-10,46110859.0,MID,38457396.404836506,MID,0.10509056946720531,0.6187797170060003,0.2761297247026653,11105213.778922753,38457396.404836506,73692229.02499859,0.276,some,False,MID - expected ~$38M opening.  Some breakout potential (about 1 in 5 chance of clearing $50M).  Bear ~$11M / Base ~$38M / Bull $74M+,True,7653462.595163494,OOF_BACKTEST,V28-A
62,DOCTOR STRANGE IN THE MULTIVERSE OF MADNESS,2022-05-06,187420998.0,LARGE+,87136576.9886601,LARGE+,0.004891742457312064,0.023651402148828337,0.9714568441997988,30847296.092077192,87136576.9886601,158181728.5700396,0.971,high,False,LARGE+ - expected ~$87M opening.  Likely a big opener (LARGE+).  Bear ~$31M / Base ~$87M / Bull $158M+,True,100284421.0113399,OOF_BACKTEST,V28-A
108,INDIANA JONES AND THE DIAL OF DESTINY,2023-06-30,60368101.0,LARGE+,55080025.178485155,LARGE+,0.016037961967647722,0.2935719830216633,0.6903900564076728,17162264.282014634,55080025.178485155,113245844.84974636,0.69,high,False,LARGE+ - expected ~$55M opening.  Likely a big opener (LARGE+).  Bear ~$17M / Base ~$55M / Bull $113M+,True,5288075.821514845,OOF_BACKTEST,V28-A
92,GLADIATOR II,2024-11-22,55034715.0,LARGE+,63287933.46342099,LARGE+,0.026544520861144418,0.2936529299603948,0.6798025569782873,22214977.148333378,63287933.46342099,117523163.8716925,0.68,high,False,LARGE+ - expected ~$63M opening.  Likely a big opener (LARGE+).  Bear ~$22M / Base ~$63M / Bull $118M+,True,8253218.463420987,OOF_BACKTEST,V28-A
282,Fast X,2023-05-19,67017410.0,LARGE+,42075135.51089741,MID,0.07237645001960122,0.428618164405263,0.4990054153774581,13547932.941739846,42075135.51089741,92299603.83948788,0.499,real,True,MID - expected ~$42M opening.  BREAKOUT WATCH: about 1 in 3 chance of opening above $50M (LARGE+) - consider leaning into spend.  Bear ~$14M / Base ~$42M / Bull $92M+,False,24942274.489102587,OOF_BACKTEST,V28-A
18,AVATAR: THE WAY OF WATER,2022-12-16,134100226.0,LARGE+,99850126.40425412,LARGE+,0.005516647149597608,0.017368277356617976,0.9771150789334935,41217226.592466965,99850126.40425412,173870423.81327775,0.977,high,False,LARGE+ - expected ~$100M opening.  Likely a big opener (LARGE+).  Bear ~$41M / Base ~$100M / Bull $174M+,True,34250099.59574588,OOF_BACKTEST,V28-A
17,AVATAR: FIRE AND ASH,2025-12-19,89160860.0,LARGE+,134252792.1113525,LARGE+,0.007321608745274961,0.02197965193596945,0.9706987415743025,65453176.7399989,134252792.1113525,223929030.03277725,0.971,high,False,LARGE+ - expected ~$134M opening.  Likely a big opener (LARGE+).  Bear ~$65M / Base ~$134M / Bull $224M+,True,45091932.1113525,OOF_BACKTEST,V28-A
135,MISSION: IMPOSSIBLE – THE FINAL RECKONING,2025-05-23,64036428.0,LARGE+,90809066.08318734,LARGE+,0.007491434646632577,0.028878328301487684,0.9636302215286241,47934664.70740654,90809066.08318734,144130079.65697294,0.964,high,False,LARGE+ - expected ~$91M opening.  Likely a big opener (LARGE+).  Bear ~$48M / Base ~$91M / Bull $144M+,True,26772638.08318734,OOF_BACKTEST,V28-A
115,JURASSIC WORLD DOMINION,2022-06-10,145075625.0,LARGE+,75972062.159814,LARGE+,0.003359261562915195,0.015404804495003295,0.9812359419138026,25309981.686915744,75972062.159814,147656996.8894261,0.981,high,False,LARGE+ - expected ~$76M opening.  Likely a big opener (LARGE+).  Bear ~$25M / Base ~$76M / Bull $148M+,True,69103562.840186,OOF_BACKTEST,V28-A
1291,Undertone,2026-03-13,9339663.0,SMALL,6356010.835014228,SMALL,0.846702231834016,0.10685561612342029,0.04644218184488605,731075.6974153613,6356010.835014228,16172098.682754626,0.046,none,False,SMALL - expected ~$6M opening.  Bear ~$1M / Base ~$6M / Bull $16M+,True,2983652.164985772,OOF_BACKTEST,V28-A
1249,Obsession,2026-05-15,17196855.0,MID,9772423.281613046,SMALL,0.8924963035809905,0.07456254026077844,0.03294117032088254,5994990.260972862,9772423.281613046,19697763.824990015,0.033,none,False,SMALL - expected ~$10M opening.  Bear ~$6M / Base ~$10M / Bull $20M+,False,7424431.718386954,OOF_BACKTEST,V28-A
192,TERRIFIER 3,2024-10-11,18928113.0,MID,15824427.521886691,MID,0.4506539401446179,0.49225370580347994,0.05709235451756352,3539266.745578162,15824427.521886691,26804930.14685935,0.057,none,False,MID - expected ~$16M opening.  Bear ~$4M / Base ~$16M / Bull $27M+,True,3103685.4781133085,OOF_BACKTEST,V28-A
247,UMMA,2022-03-18,915290.0,SMALL,3503888.075688525,SMALL,0.9670562439691214,0.02666985125131265,0.006273917879018175,815696.0508716153,3503888.075688525,6441463.42641018,0.006,none,False,SMALL - expected ~$4M opening.  Bear ~$1M / Base ~$4M / Bull $6M+,True,2588598.075688525,OOF_BACKTEST,V28-A
29,BARBARIAN,2022-09-09,10543948.0,SMALL,2955138.2695245314,SMALL,0.9644034403008521,0.029587218594212036,0.0060093742687506325,732176.3702623898,2955138.2695245314,5450151.635130707,0.006,none,False,SMALL - expected ~$3M opening.  Bear ~$1M / Base ~$3M / Bull $5M+,True,7588809.730475469,OOF_BACKTEST,V28-A
190,TALK TO ME,2023-07-28,10431720.0,SMALL,8404702.836497923,SMALL,0.9093195144875412,0.07946565793925682,0.011214784848778856,2148407.8552033156,8404702.836497923,19589079.73075522,0.011,none,False,SMALL - expected ~$8M opening.  Bear ~$2M / Base ~$8M / Bull $20M+,True,2027017.1635020766,OOF_BACKTEST,V28-A
390,The Blackening,2023-06-16,6013131.0,SMALL,6363172.59611387,SMALL,0.9593996765350996,0.035215793492992246,0.005384516467730873,2494743.514362307,6363172.59611387,10836526.137325197,0.005,none,False,SMALL - expected ~$6M opening.  Bear ~$2M / Base ~$6M / Bull $11M+,True,350041.5961138699,OOF_BACKTEST,V28-A
394,The Strangers Chapter 2,2025-09-26,5806192.0,SMALL,6043844.61524496,SMALL,0.9216064460061337,0.06714586368747671,0.011247685456963844,1592387.1042066829,6043844.61524496,11586972.298558567,0.011,none,False,SMALL - expected ~$6M opening.  Bear ~$2M / Base ~$6M / Bull $12M+,True,237652.6152449604,OOF_BACKTEST,V28-A
387,Tarot,2024-05-03,6503012.0,SMALL,5885546.289934932,SMALL,0.9822819464921185,0.014210777152328569,0.0035072896043895803,2720153.671948961,5885546.289934932,9785017.46943589,0.004,none,False,SMALL - expected ~$6M opening.  Bear ~$3M / Base ~$6M / Bull $10M+,True,617465.7100650677,OOF_BACKTEST,V28-A
332,The Strangers Chapter 1,2024-05-17,11825058.0,SMALL,6737144.751356003,SMALL,0.9461284792877556,0.04565176035177526,0.008219773355329387,2783195.8971654195,6737144.751356003,11198804.99198532,0.008,none,False,SMALL - expected ~$7M opening.  Bear ~$3M / Base ~$7M / Bull $11M+,True,5087913.248643997,OOF_BACKTEST,V28-A
401,Immaculate,2024-03-22,5338921.0,SMALL,7827000.971871123,SMALL,0.9386003019333827,0.053526640030157314,0.00787307043742026,3152252.574244871,7827000.971871123,14001864.920783544,0.008,none,False,SMALL - expected ~$8M opening.  Bear ~$3M / Base ~$8M / Bull $14M+,True,2488079.9718711227,OOF_BACKTEST,V28-A
300,Longlegs,2024-07-12,22400119.0,MID,18351965.986351177,MID,0.45222336640559346,0.47044592107011873,0.07733070693635234,4815345.4677399425,18351965.986351177,36121768.27858333,0.077,none,False,MID - expected ~$18M opening.  Bear ~$5M / Base ~$18M / Bull $36M+,True,4048153.013648823,OOF_BACKTEST,V28-A
1215,Backrooms,2026-05-29,81402424.0,LARGE+,30259345.222313244,MID,0.31837484345393097,0.47028007237157965,0.21134506927332825,6287851.645054399,30259345.222313244,71174850.41694397,0.211,some,False,MID - expected ~$30M opening.  Some breakout potential (about 1 in 5 chance of clearing $50M).  Bear ~$6M / Base ~$30M / Bull $71M+,False,51143078.77768676,OOF_BACKTEST,V28-A
50,COMPANION,2025-01-31,9300113.0,SMALL,8386911.4799599415,SMALL,0.9018406123551315,0.08442569993227321,0.013733675400765538,3609336.536284733,8386911.4799599415,14798556.572352244,0.014,none,False,SMALL - expected ~$8M opening.  Bear ~$4M / Base ~$8M / Bull $15M+,True,913201.5200400585,OOF_BACKTEST,V28-A
380,The Invitation,2022-08-26,6805468.0,SMALL,7286362.629431776,SMALL,0.9720994187659451,0.023605146485846804,0.004295449422905107,3440369.8975614635,7286362.629431776,11476802.629046474,0.004,none,False,SMALL - expected ~$7M opening.  Bear ~$3M / Base ~$7M / Bull $11M+,True,480894.6294317758,OOF_BACKTEST,V28-A
129,MAXXXINE,2024-07-05,6705038.0,SMALL,12847255.607981462,SMALL,0.6706958151344553,0.2875502105012163,0.04175396283921144,5891194.454358388,12847255.607981462,23015581.853469785,0.042,none,False,SMALL - expected ~$13M opening.  Bear ~$6M / Base ~$13M / Bull $23M+,True,6142217.607981462,OOF_BACKTEST,V28-A
99,HERETIC,2024-11-08,10829810.0,SMALL,10664307.212710451,SMALL,0.7721267923668444,0.20216717447859456,0.025706032921730303,3196558.395451755,10664307.212710451,20511394.286074508,0.026,none,False,SMALL - expected ~$11M opening.  Bear ~$3M / Base ~$11M / Bull $21M+,True,165502.78728954867,OOF_BACKTEST,V28-A
374,Drop,2025-04-11,7397015.0,SMALL,7329033.041204383,SMALL,0.9741882697429225,0.02260344130322302,0.003208295351694844,2915701.053339863,7329033.041204383,12884926.440431451,0.003,none,False,SMALL - expected ~$7M opening.  Bear ~$3M / Base ~$7M / Bull $13M+,True,67981.95879561733,OOF_BACKTEST,V28-A
221,THE WOMAN IN THE YARD,2025-03-28,9395255.0,SMALL,5765527.2251870055,SMALL,0.9492423731203374,0.042041166225006366,0.008716478564425744,2371192.5640484523,5765527.2251870055,8804630.979804046,0.009,none,False,SMALL - expected ~$6M opening.  Bear ~$2M / Base ~$6M / Bull $9M+,True,3629727.7748129945,OOF_BACKTEST,V28-A
126,M3GAN,2023-01-06,30429860.0,MID,33427034.468135584,MID,0.15861251663596218,0.6256298309703633,0.2157576374925133,8201233.958169277,33427034.468135584,73715168.5579605,0.216,some,False,MID - expected ~$33M opening.  Some breakout potential (about 1 in 5 chance of clearing $50M).  Bear ~$8M / Base ~$33M / Bull $74M+,True,2997174.468135584,OOF_BACKTEST,V28-A
170,SAW X,2023-09-29,18309301.0,MID,13872792.078784045,SMALL,0.6158951125122214,0.3644474095671174,0.01965745952704044,3379501.7238070783,13872792.078784045,27235057.583619002,0.02,none,False,SMALL - expected ~$14M opening.  Bear ~$3M / Base ~$14M / Bull $27M+,False,4436508.921215955,OOF_BACKTEST,V28-A
341,Speak No Evil,2024-09-13,11397595.0,SMALL,10339767.02021177,SMALL,0.79029835348564,0.19440497671772816,0.015296680652360574,3192595.533957895,10339767.02021177,18815000.064723145,0.015,none,False,SMALL - expected ~$10M opening.  Bear ~$3M / Base ~$10M / Bull $19M+,True,1057827.9797882307,OOF_BACKTEST,V28-A
347,M3GAN 2.0,2025-06-27,10201625.0,SMALL,26886038.977312826,MID,0.16888095408127296,0.6820835583428433,0.1490354950264643,6763777.178251325,26886038.977312826,39591336.78773765,0.149,none,False,MID - expected ~$27M opening.  Bear ~$7M / Base ~$27M / Bull $40M+,False,16684413.977312826,OOF_BACKTEST,V28-A
248,UNTIL DAWN,2025-04-25,8003402.0,SMALL,8881802.410016347,SMALL,0.9524108400842888,0.0403182824281616,0.007270910049278911,5741112.71882944,8881802.410016347,11782878.232439347,0.007,none,False,SMALL - expected ~$9M opening.  Bear ~$6M / Base ~$9M / Bull $12M+,True,878400.4100163467,OOF_BACKTEST,V28-A
38,BRING HER BACK,2025-05-30,7081501.0,SMALL,6257214.3563115075,SMALL,0.9456566227505632,0.04690762431735289,0.007435743516994911,3921977.0942769907,6257214.3563115075,7649172.586497046,0.007,none,False,SMALL - expected ~$6M opening.  Bear ~$4M / Base ~$6M / Bull $8M+,True,824286.6436884925,OOF_BACKTEST,V28-A
193,THANKSGIVING,2023-11-17,10306272.0,SMALL,19474848.422175325,MID,0.5572128834762998,0.3872551022860804,0.05553201237497468,7174361.456798803,19474848.422175325,34700837.54894813,0.056,none,False,MID - expected ~$19M opening.  Bear ~$7M / Base ~$19M / Bull $35M+,False,9168576.422175325,OOF_BACKTEST,V28-A
77,Evil Dead Rise,2023-04-21,24504319.0,MID,12289662.28777821,SMALL,0.7234531146027605,0.2376351621454833,0.038911724183078714,2536436.7688075304,12289662.28777821,25636850.672164034,0.039,none,False,SMALL - expected ~$12M opening.  Bear ~$3M / Base ~$12M / Bull $26M+,False,12214656.71222179,OOF_BACKTEST,V28-A
1253,Passenger,2026-05-22,8746797.0,SMALL,6170536.739036204,SMALL,0.7795781206314789,0.20231637833210583,0.018105494749987825,787566.6761418184,6170536.739036204,16054316.168549534,0.018,none,False,SMALL - expected ~$6M opening.  Bear ~$1M / Base ~$6M / Bull $16M+,True,2576260.2609637957,OOF_BACKTEST,V28-A
149,NIGHT SWIM,2024-01-05,11797155.0,SMALL,7915608.81184514,SMALL,0.9542645588042065,0.04138151863855834,0.004353910544629242,2418798.4247035077,7915608.81184514,15631996.85661768,0.004,none,False,SMALL - expected ~$8M opening.  Bear ~$2M / Base ~$8M / Bull $16M+,True,3881546.1881548604,OOF_BACKTEST,V28-A
287,Insidious The Red Door,2023-07-07,33013036.0,MID,21574974.759499516,MID,0.34936088957228706,0.5814022311273785,0.06923690910265673,5533145.812194439,21574974.759499516,36904742.397285946,0.069,none,False,MID - expected ~$22M opening.  Bear ~$6M / Base ~$22M / Bull $37M+,True,11438061.240500484,OOF_BACKTEST,V28-A
197,THE BLACK PHONE,2022-06-24,23633220.0,MID,14566056.101797326,SMALL,0.625905091726396,0.33018706830568434,0.04390784369320995,5018960.775717429,14566056.101797326,26501415.39197164,0.044,none,False,SMALL - expected ~$15M opening.  Bear ~$5M / Base ~$15M / Bull $27M+,False,9067163.898202674,OOF_BACKTEST,V28-A
176,SMILE,2022-09-30,22609925.0,MID,15177200.614123695,MID,0.4655446634084821,0.509712784928455,0.0247425602777967,4051629.125459741,15177200.614123695,28526268.89354409,0.025,none,False,MID - expected ~$15M opening.  Bear ~$4M / Base ~$15M / Bull $29M+,True,7432724.385876305,OOF_BACKTEST,V28-A
424,The Substance,2024-09-20,3205212.0,SMALL,8760143.865199205,SMALL,0.8557546852884776,0.13304080594690504,0.011204533153627329,4284299.523875627,8760143.865199205,15674694.558134886,0.011,none,False,SMALL - expected ~$9M opening.  Bear ~$4M / Base ~$9M / Bull $16M+,True,5554931.8651992045,OOF_BACKTEST,V28-A
356,The Popes Exorcist,2023-04-14,9006368.0,SMALL,9193298.625113584,SMALL,0.8766167731264027,0.11494429200463578,0.00843891506380487,3603915.238757729,9193298.625113584,16460151.044882238,0.008,none,False,SMALL - expected ~$9M opening.  Bear ~$4M / Base ~$9M / Bull $16M+,True,186930.6251135841,OOF_BACKTEST,V28-A
327,I Know What You Did Last Summer 2025,2025-07-18,12755359.0,SMALL,11189415.242668392,SMALL,0.7701430905950868,0.21755447180893397,0.012302424091801913,3147379.705898802,11189415.242668392,21398290.722732097,0.012,none,False,SMALL - expected ~$11M opening.  Bear ~$3M / Base ~$11M / Bull $21M+,True,1565943.7573316079,OOF_BACKTEST,V28-A
160,PREY FOR THE DEVIL,2022-10-28,7185126.0,SMALL,4034644.4333045557,SMALL,0.980783999930922,0.01462611330387053,0.0045898693338319915,2321556.918292164,4034644.4333045557,5240156.7436291315,0.005,none,False,SMALL - expected ~$4M opening.  Bear ~$2M / Base ~$4M / Bull $5M+,True,3150481.5666954443,OOF_BACKTEST,V28-A
89,Five Nights at Freddys,2023-10-27,80001720.0,LARGE+,51891507.48020756,LARGE+,0.05367679153081746,0.22309331924222703,0.7232298782839153,17824652.773049626,51891507.48020756,98638977.99138659,0.723,high,False,LARGE+ - expected ~$52M opening.  Likely a big opener (LARGE+).  Bear ~$18M / Base ~$52M / Bull $99M+,True,28110212.519792438,OOF_BACKTEST,V28-A
1258,Ready or Not 2: Here I Come,2026-03-20,9075271.0,SMALL,16802406.956355367,MID,0.36280443784976285,0.5282249542330287,0.10897061909307934,3585805.395877704,16802406.956355367,36226117.173595384,0.109,none,False,MID - expected ~$17M opening.  Bear ~$4M / Base ~$17M / Bull $36M+,False,7727135.956355367,OOF_BACKTEST,V28-A
413,Never Let Go,2024-09-20,4449065.0,SMALL,6928902.38837273,SMALL,0.9768232304029432,0.020358286920763427,0.002818520443060896,1970206.9131432376,6928902.38837273,12970988.024920091,0.003,none,False,SMALL - expected ~$7M opening.  Bear ~$2M / Base ~$7M / Bull $13M+,True,2479837.3883727305,OOF_BACKTEST,V28-A
255,WOLF MAN,2025-01-17,10897495.0,SMALL,16507974.57381251,MID,0.5232200779828362,0.44529255425062225,0.03148737917524297,7935714.722723338,16507974.57381251,27796011.12374587,0.031,none,False,MID - expected ~$17M opening.  Bear ~$8M / Base ~$17M / Bull $28M+,False,5610479.573812511,OOF_BACKTEST,V28-A
101,HIM,2025-09-19,13251560.0,SMALL,10977500.942592546,SMALL,0.7786681789019447,0.2049931768317129,0.016338632479291165,3477833.563284681,10977500.942592546,20753142.03086089,0.016,none,False,SMALL - expected ~$11M opening.  Bear ~$3M / Base ~$11M / Bull $21M+,True,2274059.0574074537,OOF_BACKTEST,V28-A
177,SMILE 2,2024-10-18,23021692.0,MID,16671422.856840974,MID,0.3660672385207554,0.6140558122374514,0.01987696775182934,5186618.380074574,16671422.856840974,29967765.627424743,0.02,none,False,MID - expected ~$17M opening.  Bear ~$5M / Base ~$17M / Bull $30M+,True,6350269.143159026,OOF_BACKTEST,V28-A
346,Abigail,2024-04-19,10297110.0,SMALL,12591118.617753588,SMALL,0.6319676337752809,0.3431064742926472,0.024925899208029605,3862548.7188838692,12591118.617753588,23927175.56305966,0.025,none,False,SMALL - expected ~$13M opening.  Bear ~$4M / Base ~$13M / Bull $24M+,True,2294008.6177535877,OOF_BACKTEST,V28-A
32,BLACK PHONE 2,2025-10-17,27332040.0,MID,36781560.332045384,MID,0.13659145162614464,0.5699813518031956,0.29342722637298213,12434570.811784178,36781560.332045384,75014665.23686667,0.293,some,False,MID - expected ~$37M opening.  Some breakout potential (about 1 in 5 chance of clearing $50M).  Bear ~$12M / Base ~$37M / Bull $75M+,True,9449520.332045384,OOF_BACKTEST,V28-A
1261,Scary Movie 6,2026-06-05,54336626.0,LARGE+,24181813.356090028,MID,0.3530481791019709,0.5173136976654623,0.12963810088082506,6639152.515651893,24181813.356090028,44328286.77105005,0.13,none,False,MID - expected ~$24M opening.  Bear ~$7M / Base ~$24M / Bull $44M+,False,30154812.643909972,OOF_BACKTEST,V28-A
378,The Watchers,2024-06-07,7003537.0,SMALL,9330297.458286932,SMALL,0.8644739337504537,0.1278082135893669,0.007717847858047493,2686351.1765399207,9330297.458286932,18553163.160420567,0.008,none,False,SMALL - expected ~$9M opening.  Bear ~$3M / Base ~$9M / Bull $19M+,True,2326760.4582869317,OOF_BACKTEST,V28-A
201,THE EXORCIST: BELIEVER,2023-10-06,26497600.0,MID,13021294.444525598,SMALL,0.6299058121575585,0.3360908776718764,0.03400333461778266,4966932.67035411,13021294.444525598,25205832.11868507,0.034,none,False,SMALL - expected ~$13M opening.  Bear ~$5M / Base ~$13M / Bull $25M+,False,13476305.555474402,OOF_BACKTEST,V28-A
362,The First Omen,2024-04-05,8353710.0,SMALL,8816554.264457077,SMALL,0.8714693433924331,0.1099543463481791,0.018576320731309826,3440799.109089849,8816554.264457077,17305361.137882434,0.019,none,False,SMALL - expected ~$9M opening.  Bear ~$3M / Base ~$9M / Bull $17M+,True,462844.2644570768,OOF_BACKTEST,V28-A
172,SCREAM VI,2023-03-10,44447272.0,MID,34709267.70992332,MID,0.07806483170617484,0.6945219810757535,0.22741317604220085,11680696.681644391,34709267.70992332,63024997.861627206,0.227,some,False,MID - expected ~$35M opening.  Some breakout potential (about 1 in 5 chance of clearing $50M).  Bear ~$12M / Base ~$35M / Bull $63M+,True,9738004.29007668,OOF_BACKTEST,V28-A
284,Halloween Ends,2022-10-14,40050355.0,MID,28773002.479773704,MID,0.15210105804807417,0.7482648259524896,0.09963413648853292,9907283.902363226,28773002.479773704,51100362.28655078,0.1,none,False,MID - expected ~$29M opening.  Bear ~$10M / Base ~$29M / Bull $51M+,True,11277352.520226296,OOF_BACKTEST,V28-A
330,The Boogeyman,2023-06-02,12356486.0,SMALL,7923541.96016745,SMALL,0.9530804126495569,0.0419728105423173,0.004946793179030378,2850580.744403038,7923541.96016745,14936718.492943918,0.005,none,False,SMALL - expected ~$8M opening.  Bear ~$3M / Base ~$8M / Bull $15M+,True,4432944.03983255,OOF_BACKTEST,V28-A
263,SCREAM 7,2026-02-27,63615172.0,LARGE+,39469211.19914935,MID,0.06391541386898796,0.6164337740773465,0.31965079715250433,16476941.37752562,39469211.19914935,75741638.09827022,0.32,real,True,MID - expected ~$39M opening.  BREAKOUT WATCH: about 1 in 3 chance of opening above $50M (LARGE+) - consider leaning into spend.  Bear ~$16M / Base ~$39M / Bull $76M+,False,24145960.800850652,OOF_BACKTEST,V28-A
210,THE MENU,2022-11-18,9004957.0,SMALL,10874963.981567351,SMALL,0.7648287711071963,0.2031694878204335,0.03200173606651137,2924434.946876994,10874963.981567351,21768364.38266905,0.032,none,False,SMALL - expected ~$11M opening.  Bear ~$3M / Base ~$11M / Bull $22M+,True,1870006.9815673511,OOF_BACKTEST,V28-A
274,Five Nights at Freddys 2,2025-12-05,64007430.0,LARGE+,47679332.24150252,MID,0.061153029513930014,0.3268657857208451,0.6119812145675472,16691875.794206372,47679332.24150252,82288153.7552947,0.612,high,True,MID - expected ~$48M opening.  BREAKOUT WATCH: better than even chance of opening above $50M (LARGE+) - consider leaning into spend.  Bear ~$17M / Base ~$48M / Bull $82M+,False,16328097.758497477,OOF_BACKTEST,V28-A
338,Beast,2022-08-19,11575855.0,SMALL,5849073.837975287,SMALL,0.9136326718197063,0.07039211231276161,0.015975201170097753,1188547.1736172554,5849073.837975287,12253901.111833792,0.016,none,False,SMALL - expected ~$6M opening.  Bear ~$1M / Base ~$6M / Bull $12M+,True,5726781.162024713,OOF_BACKTEST,V28-A
251,WEAPONS,2025-08-08,43501217.0,MID,16282326.402663335,MID,0.47511957317577214,0.4368968505833626,0.08798357903483299,4741493.300440102,16282326.402663335,25306200.559020646,0.088,none,False,MID - expected ~$16M opening.  Bear ~$5M / Base ~$16M / Bull $25M+,True,27218890.597336665,OOF_BACKTEST,V28-A
213,THE NUN II,2023-09-08,32603336.0,MID,24605711.1489746,MID,0.0945025959362916,0.830919365783064,0.07457798985187047,8575893.689067505,24605711.1489746,45360872.45432354,0.075,none,False,MID - expected ~$25M opening.  Bear ~$9M / Base ~$25M / Bull $45M+,True,7997624.851025399,OOF_BACKTEST,V28-A
269,Anaconda,2025-12-25,14502218.0,SMALL,22882534.19306898,MID,0.19016457136811257,0.6522966166780204,0.1575388156791574,7488320.377942124,22882534.19306898,45531891.112462446,0.158,some,False,MID - expected ~$23M opening.  Some breakout potential (about 1 in 5 chance of clearing $50M).  Bear ~$7M / Base ~$23M / Bull $46M+,False,8380316.193068981,OOF_BACKTEST,V28-A
386,The Last Voyage of the Demeter,2023-08-11,6504950.0,SMALL,7980418.592284824,SMALL,0.9033506001016551,0.0884995669971258,0.008149840268126225,2865904.7987114755,7980418.592284824,15470118.810782226,0.008,none,False,SMALL - expected ~$8M opening.  Bear ~$3M / Base ~$8M / Bull $15M+,True,1475468.5922848238,OOF_BACKTEST,V28-A
151,NOSFERATU,2024-12-25,21652560.0,MID,42040409.49346739,MID,0.04091095906571003,0.6041054041593833,0.354983622805068,16957432.071355417,42040409.49346739,87578265.69415884,0.355,real,True,MID - expected ~$42M opening.  BREAKOUT WATCH: about 1 in 3 chance of opening above $50M (LARGE+) - consider leaning into spend.  Bear ~$17M / Base ~$42M / Bull $88M+,True,20387849.49346739,OOF_BACKTEST,V28-A
84,FINAL DESTINATION BLOODLINES,2025-05-16,51600106.0,LARGE+,34157854.23781922,MID,0.08520569346462506,0.6756920825093331,0.23910221657546127,12023452.675310362,34157854.23781922,65752185.590845406,0.239,some,False,MID - expected ~$34M opening.  Some breakout potential (about 1 in 5 chance of clearing $50M).  Bear ~$12M / Base ~$34M / Bull $66M+,False,17442251.762180783,OOF_BACKTEST,V28-A
277,The Conjuring: Last Rites,2025-09-05,84006121.0,LARGE+,49211358.028110296,MID,0.03534165838634027,0.47241529369701296,0.492243051991183,17487144.60123945,49211358.028110296,96517948.74546525,0.492,real,True,MID - expected ~$49M opening.  BREAKOUT WATCH: about 1 in 3 chance of opening above $50M (LARGE+) - consider leaning into spend.  Bear ~$17M / Base ~$49M / Bull $97M+,False,34794762.971889704,OOF_BACKTEST,V28-A
290,28 Years Later,2025-06-20,30002966.0,MID,54821349.47536287,LARGE+,0.030640791108177426,0.3278447718607972,0.641514430569975,20788041.086787324,54821349.47536287,103480684.88232125,0.642,high,False,LARGE+ - expected ~$55M opening.  Likely a big opener (LARGE+).  Bear ~$21M / Base ~$55M / Bull $103M+,False,24818383.475362867,OOF_BACKTEST,V28-A
273,28 Years Later The Bone Temple,2026-01-16,12521327.0,SMALL,17229012.34526309,MID,0.5541242197096562,0.3769899621467531,0.06888581814359065,4933395.652102028,17229012.34526309,28817822.996469457,0.069,none,False,MID - expected ~$17M opening.  Bear ~$5M / Base ~$17M / Bull $29M+,False,4707685.34526309,OOF_BACKTEST,V28-A
367,Renfield,2023-04-14,8026475.0,SMALL,19209648.04562939,MID,0.2673652857145269,0.6702186368005669,0.062416117531776893,6234630.186085007,19209648.04562939,34924114.42003252,0.062,none,False,MID - expected ~$19M opening.  Bear ~$6M / Base ~$19M / Bull $35M+,False,11183173.04562939,OOF_BACKTEST,V28-A
5,A QUIET PLACE: DAY ONE,2024-06-28,52202495.0,LARGE+,46060505.004193485,MID,0.02784387287623231,0.37640082014857246,0.5957553179182355,17929447.77235258,46060505.004193485,76636596.7921242,0.596,high,True,MID - expected ~$46M opening.  BREAKOUT WATCH: better than even chance of opening above $50M (LARGE+) - consider leaning into spend.  Bear ~$18M / Base ~$46M / Bull $77M+,False,6141989.995806515,OOF_BACKTEST,V28-A
150,NOPE,2022-07-22,44366910.0,MID,21224948.418305695,MID,0.37914682187559934,0.5841245463284378,0.03672864855976919,5978714.261189108,21224948.418305695,35710787.92446129,0.037,none,False,MID - expected ~$21M opening.  Bear ~$6M / Base ~$21M / Bull $36M+,True,23141961.581694305,OOF_BACKTEST,V28-A
22,Alien Romulus,2024-08-16,42003361.0,MID,38883293.974542946,MID,0.036683808118048264,0.5994530448479614,0.3638631330641518,14569214.206515012,38883293.974542946,75464248.37323818,0.364,real,True,MID - expected ~$39M opening.  BREAKOUT WATCH: about 1 in 3 chance of opening above $50M (LARGE+) - consider leaning into spend.  Bear ~$15M / Base ~$39M / Bull $75M+,True,3120067.0254570544,OOF_BACKTEST,V28-A
276,Sinners,2025-04-18,48007468.0,MID,33033036.6773372,MID,0.10809854266742738,0.6418439396072286,0.2500575251759246,10340061.29398282,33033036.6773372,65253180.47864279,0.25,some,False,MID - expected ~$33M opening.  Some breakout potential (about 1 in 5 chance of clearing $50M).  Bear ~$10M / Base ~$33M / Bull $65M+,True,14974431.3226628,OOF_BACKTEST,V28-A
1243,Lee Cronin's The Mummy,2026-04-17,13517172.0,SMALL,15794627.441035144,MID,0.4183157927609179,0.4929206639395708,0.08876356192596281,4807017.539416484,15794627.441035144,28874960.357487112,0.089,none,False,MID - expected ~$16M opening.  Bear ~$5M / Base ~$16M / Bull $29M+,False,2277455.441035144,OOF_BACKTEST,V28-A
1349,Jackass Best And Last,2026-06-26,,,13517874.519818127,SMALL,0.6879757019274043,0.25749089416925386,0.05453340390334183,11721664.57350193,13517874.519818127,15508811.580795903,0.05453340390334183,LOW,False,Projected SMALL opening of $13.5M ($11.7M-$15.5M range).,,,UPCOMING,V28-A@D3
1281,The Invite,2026-06-26,,,10581063.259584367,SMALL,0.8073024772479602,0.15413801465428298,0.03855950809775687,8468189.823193204,10581063.259584367,11700513.359680692,0.03855950809775687,LOW,False,Projected SMALL opening of $10.6M ($8.5M-$11.7M range).,,,UPCOMING,V28-A@D3
1302,Young Washington,2026-07-03,,,9913630.769332998,SMALL,0.8877801337973481,0.08740506279150004,0.024814803411151703,7387112.43226501,9913630.769332998,10489445.647860007,0.024814803411151703,LOW,False,Projected SMALL opening of $9.9M ($7.4M-$10.5M range).,,,UPCOMING,V28-A@D14
1269,Supergirl,2026-06-26,,,37300000.0,MID,0.25,0.46,0.29,31500000.0,37300000.0,34500000.0,0.29,MODERATE,True,"Projected MID-tier opening of $37.3M ($31.5M-$34.5M range). DC franchise with Superman predecessor ($125M). Strong TMDB surge (59.7) and Momoa star power, but moderate search demand (R7D=41) and negative audience intent suggest below-predecessor performance. Breakout potential: 29%.",,,UPCOMING,V28-A@D3
1224,Evil Dead Burn,2026-07-10,,,14604433.666888367,SMALL,0.6164947171875383,0.3102123696711099,0.0732929131413517,13086130.204529183,14604433.666888367,14634361.416690227,0.0732929131413517,LOW,False,Projected SMALL opening of $14.6M ($13.1M-$14.6M range).,,,UPCOMING,V28-A@D7
1247,Moana,2026-07-10,,,22000000.0,MID,0.43210420030970925,0.3703881387147836,0.19750766097550715,21884131.617814243,22000000.0,23271740.184390806,0.19750766097550715,LOW,False,Projected MID-tier opening of $22.0M ($21.9M-$23.3M range). Disney live-action Moana w/ strong IP but soft pre-release demand signal.,,,UPCOMING,V28-A@D7
